OBJECTID,Id,Name,Acres,Hectares,Orth_Cover,Cover_Pct,Field_Ver,Video_YN,Video,Comment,Species,GlobalID,ShapeSTArea,ShapeSTLength
1,1,01,0.04456005,0.01803281,1,0-10,Y,Y,A03, ,Zostera marina,{7CAB9D54-4BF9-4B91-94D6-4F0EA4AD53C1},180.32842031,102.572568013586
2,4,02,0.06076669,0.02459141,3,40-70,Y,Y,A04, ,Zostera marina,{D5396F39-D508-45CB-BFE0-13A506D4E94C},245.914995595,84.3542049770133
3,6,03,2.56218247,1.03687846,3,40-70,Y,Y,A05, ,Zostera marina,{3C1ED4DC-6580-4CAC-9499-32D445019068},10368.78375343,719.040249112223
4,8,05,0.71816162,0.2906297,3,40-70,Y,Y,A07, ,Zostera marina,{6C1395B8-F532-46C6-AFBA-23B14C2F2E02},2906.29561103,315.887222250446
5,9,06,0.01815022,0.00734513,3,40-70,Y,Y,A08, ,Zostera marina,{EDEDAFA1-8605-4FAC-910F-E6E864F51209},73.451084425,34.0020364444473
6,10,07,0.33051475,0.13375458,3,40-70,Y,Y,A09, ,Zostera marina,{820DE3B5-BA6E-4415-A110-95F9F94A4F1C},1337.545267765,165.986547775171
7,11,08,0.08088664,0.03273366,1,0-10,Y,Y,A10, ,Zostera marina,{E4E2A155-7B1C-46C3-94B5-6D0E58B1FEBB},327.336642395,112.524783021862
8,13,09,0.66689055,0.26988103,1,0-10,Y,Y,A11, ,Zostera marina,{C7FEF8AC-9BA7-429C-A45B-270E836FBBA1},2698.810987725,295.013884400104
9,14,10,0.0308065,0.01246695,3,40-70,Y,Y,A12, ,Zostera marina,{356C58A4-DB72-445F-83DA-1035C8EAE917},124.66946671,43.4752278733161
10,15,11,12.5407408,5.07505774,4,70-100,Y,Y,"A14, A15, A16, A17, SP07, SP08", ,Zostera marina,{C797140E-F9CB-4EA0-9D7C-FBEA50FE9EB2},50750.582167955,1949.02908428469
11,20,11,1.05438431,0.42669419,1,0-10,Y,Y,"A14, A15, A16, A17, SP07, SP08", ,Zostera marina,{B2C37C00-65EE-40C6-A4CD-5F541EBBDBE4},4266.94451077,558.456711895717
12,21,12,0.13479597,0.05455,2,10-40,Y,Y,A17, ,Zostera marina,{C67DC949-E2CF-4C98-9F84-83519F2741F6},545.49926078,118.551712881344
13,22,13,3.19310676,1.29220446,4,70-100,Y,Y,"A18, A19, SP06", ,Zostera marina,{BFEE89D2-2A25-4BC3-B11A-D40B895830D5},12922.046425475,989.061316229727
14,26,14,6.15664654,2.49150646,1,0-10,Y,Y,"A20, SP05", ,Zostera marina,{9F22E76D-AE0B-47CB-B0A7-F6036AB37023},24915.06708309,719.102155770825
15,27,15,0.77400499,0.31322871,1,0-10,Y,Y,SP04, ,Zostera marina,{19D3C9B6-F4BF-489D-9D63-868DC918DD9F},3132.28709641,268.594743171153
16,28,16,1.25214616,0.50672557,3,40-70,Y,Y,SP03, ,Zostera marina,{9F870328-E925-41CB-9E25-676C8F8F3378},5067.256854435,368.459252865564
17,31,18,0.51664036,0.20907694,2,10-40,Y,Y,SP37, ,Zostera marina,{3CB6FBB7-387B-4ADE-B62A-80A94D0BC0D9},2090.76935097,252.42623635433
18,29,17,0.04929706,0.01994981,1,0-10,Y,Y,SP02, ,Zostera marina,{DBF8B3A1-F891-4068-A546-AACD6C21EA63},199.49857699,86.0940399005973
19,32,19,0.81238271,0.32875962,2,10-40,Y,Y,A24, ,Zostera marina,{252896DB-AC47-478F-AE22-D225C416623B},3287.59597046,311.124398360494
20,33,20,24.76553956,10.02225828,2,10-40,Y,Y,A23, ,Zostera marina,{6B462804-02B7-4C88-8BC4-D21819CA4C40},100222.58791704,2662.6607872598
21,37,21,0.20364558,0.08241244,3,40-70,Y,Y,A25,Dense clumps but spread out,Zostera marina,{228C3E80-1686-4029-AD7E-29AB7A8B89DE},824.124455395,198.325679062794
22,38,22,0.02571646,0.01040708,4,70-100,Y,Y,FA38, ,Zostera marina,{0FA03417-6761-410D-B41C-C6337930D27D},104.0707728,37.8462329577945
23,42,25,0.22797555,0.09225843,2,10-40,Y,Y,A28,Dense clumps but spread out,Zostera marina,{625CA0B3-2C30-4EF5-A9D7-4C787E0D8A1D},922.58518101,142.750176584052
24,43,26,0.03467812,0.01403374,3,40-70,N,N, , , ,{4AEA67DD-D78B-42BF-AA19-CFB29116A515},140.337258605,44.0719307627305
25,44,27,0.17198969,0.06960176,3,40-70,Y,Y,A26, ,Zostera marina,{007B6FA4-1CEC-448A-947E-334E0CF1DF58},696.019582695,120.901120611677
26,45,28,50.53669317,20.45147413,2,10-40,Y,Y,"A27, A29, FA40", ,Zostera marina,{28E43540-83A1-4886-A2A7-90CFF135CDA4},204514.73285962,4521.30720951146
27,52,30,1.99509095,0.80738466,3,40-70,Y,Y,A30, ,Zostera marina,{E191E9CA-CB6D-4F2C-A067-FECE2CAEFC93},8073.845355275,558.326370021155
28,53,31,71.99415423,29.13500054,3,40-70,Y,Y,"A31, A32, A33, FA19", ,Zostera marina,{6AABE60C-541F-48FC-883D-A8A2C139E0E3},291350.005424805,3937.2044377469
29,58,32,0.4081155,0.16515848,2,10-40,N,N, , , ,{08AA50F9-A92C-4FEB-B3F9-E46216949408},1651.58487664,280.854177217113
30,59,33,22.81901596,9.23452813,2,10-40,N,N, , , ,{AFFF1DA7-6C3F-4442-824F-7E83DC472AF9},92345.27170732,3165.260932257
31,60,34,2.03859742,0.8249911,2,10-40,Y,Y,A34, ,Zostera marina,{49F0EA86-2B1D-4F70-8BE8-BD1402556F0F},8249.907119325,508.284479714848
32,61,35,31.12730889,12.59677499,2,10-40,N,N,FA01, , ,{6A714147-06C3-4C90-A91A-887E9636E7EA},125967.75008196,4055.52453363812
33,62,36,87.36165807,35.3540087,2,10-40,Y,Y,"C20, C21, FA02", ,Zostera marina,{D8469D0D-CE8F-4B58-A70A-E1BC1C44F151},353540.076487195,6612.69484908446
34,64,37,57.4103219,23.23313299,1,0-10,Y,Y,"C22, C23, FA16", ,Zostera marina,{13A6662B-0AE6-466B-93A4-6BB992796763},232331.337157105,5199.17137319726
35,67,38,0.57293451,0.23185837,2,10-40,Y,Y,C24, ,Zostera marina,{7CA755AF-7BCD-42CF-8E3B-676BC6DF25A2},2318.584315335,274.16186592745
36,71,42,16.62351928,6.72729958,2,10-40,Y,Y,"C25, FA10", ,Zostera marina,{58440987-1185-4076-8ED7-F39F98529B37},67272.994976415,2042.47283989266
37,70,41,2.96033109,1.19800349,1,0-10,N,N, , , ,{6617AD88-2FC0-4AE4-8246-C14187C8B38E},11980.035844415,802.074265471453
38,126,89,48.15176278,19.48632705,2,10-40,Y,Y,"FA37, M20", ,Zostera marina,{3024C343-7663-482D-B239-565302327AB6},194863.314831475,4306.08637371986
39,125,88,14.13665389,5.72090086,3,40-70,N,N,M21, , ,{F8245275-2488-4872-84AE-2CBE86851B48},57209.019163825,2176.54896391811
40,128,91,1.60463621,0.64937323,2,10-40,N,N, , , ,{719969BB-396E-4666-AC9E-E0716CAE5B35},6493.735375415,729.532725953741
41,133,96,0.05705208,0.02308816,1,0-10,N,N, , , ,{B70DA17C-0B74-43B0-A872-7B8A85539CD8},230.88172625,72.8565140807769
42,132,95,0.13912174,0.05630057,1,0-10,N,N, , , ,{8CAF9375-8774-465C-89C9-5EC05ED94EB1},563.00649591,144.599472049652
43,375,301,0.9192637,0.37201282,1,0-10,N,N, , , ,{061D81BF-8382-4107-A7BC-2B03675421AF},3720.127968775,279.835426026023
44,374,300,1.02904916,0.41644142,2,10-40,N,N, , , ,{FFD0BE97-8D42-4505-9108-D3ABB066B17A},4164.41365046,483.969411822515
45,372,298,0.28990955,0.11732223,2,10-40,N,N, , , ,{9768256A-6DF3-4F06-8100-CD2397D8FCEF},1173.223182195,139.538735498121
46,373,299,0.25579541,0.10351673,2,10-40,N,N,HN41, , ,{99DBC6F4-4095-4B83-A4C4-7BD46C2D8F3E},1035.16703246,188.851302149772
47,377,303,0.69940495,0.28303914,2,10-40,N,N,FA20,Field verified in 2018 based on tracklog, ,{DEDF0AD1-2C6E-41FB-A98B-4677BCD019E6},2830.391459005,255.76144101326
48,121,84,0.47831968,0.19356911,1,0-10,Y,Y,FA29, ,Zostera marina,{28D0055C-ED14-4DBA-918B-0C07690968C1},1935.691617,440.803305660923
49,117,80,4.79948109,1.94228109,4,70-100,Y,Y,N02, ,Zostera marina,{508941BE-C776-4B73-98F9-A1A4906E1649},19422.81388039,600.276532077086
50,115,79,4.06859841,1.64650336,2,10-40,Y,Y,"FA28, N03", ,Zostera marina,{74616DB9-C7E1-4D8D-A7E8-9E46B5E2B37D},16465.03332482,783.648899448907
51,118,81,7.27548749,2.94428533,2,10-40,N,N, , , ,{9E9BB4C4-EB7B-4BB5-B5C9-A9C177F8E620},29442.86020501,745.645254624253
52,119,82,2.97547212,1.20413085,2,10-40,Y,Y,N11, ,Zostera marina,{0F1144F2-35C0-4774-9A4C-CCDD5F37B4F1},12041.310228785,551.284592312449
53,112,76,17.18946243,6.95632864,2,10-40,Y,Y,N04, ,Zostera marina,{E7A2DC17-D075-4168-AA83-8C63AFACD437},69563.283267445,1117.92238312202
54,114,78,7.3732265,2.9838389,2,10-40,N,N, , , ,{E21105A1-B851-4AFF-BEF5-0207FB7E3D63},29838.383708485,1027.41752363643
55,113,77,0.12091473,0.04893246,2,10-40,N,N, , , ,{D4CCB9EA-9DC8-4485-856C-99DDA67DDF66},489.325223555,157.992935677335
56,109,74,4.34130554,1.75686402,3,40-70,Y,Y,FA27, ,Zostera marina,{D73F6ECC-C0C9-4FB6-A522-9F069382BB54},17568.64089584,742.248275218338
57,111,75,0.4907652,0.19860563,1,0-10,N,N, , , ,{6B7D2A54-FF8C-4355-A35C-8C215C0E7DDB},1986.056626825,301.947255254811
58,107,71,0.11454326,0.04635401,1,0-10,Y,Y,N06, ,Zostera marina,{68A7CDEC-ED68-47A8-96E2-B38809AF9D6E},463.5391031,134.317986787981
59,106,70,0.08160126,0.03302286,1,0-10,N,N, , , ,{CFE1CF2A-2B1F-4FB7-91EE-71D4876502BC},330.227611615,104.783199899246
60,103,69,0.99961651,0.40453045,3,40-70,N,N, , , ,{1CD98E04-EC25-46BB-876C-99AD05647707},4045.30602707,482.287882290017
61,101,68,1.32292708,0.53536959,3,40-70,N,N, , , ,{74E6F242-7039-481C-AC7D-80B54C40C5C9},5353.69849254,750.683608000365
62,100,67,0.27457973,0.11111848,3,40-70,N,N, , , ,{F1053E4C-7CFA-4BD9-BFBB-3DCA7B636FE1},1111.183457925,266.499749163565
63,99,66,0.43739847,0.17700888,3,40-70,Y,Y,"FA14, N08", ,Zostera marina,{38F5539D-C1AB-41E1-8479-74165BEA66E8},1770.091427265,501.039904602051
64,96,65,7.08345465,2.86657239,2,10-40,Y,Y,"FA13, FA14", ,Zostera marina,{688F3EBB-4865-40CC-A723-3130B0C26CFF},28665.732806405,825.750155056364
65,95,64,2.7647828,1.1188679,3,40-70,Y,Y,FA13, ,Zostera marina,{14FA3E4A-7358-4147-BABE-D3DE52ADB0D3},11188.672194295,1354.65166884782
66,94,63,0.53889337,0.21808241,2,10-40,N,N, , , ,{B4BA6238-E51C-448C-8FCA-0A933DBB1D36},2180.82635586,343.006842838918
67,92,61,0.10295452,0.04166422,3,40-70,Y,Y,E23, ,Zostera marina,{AF71814E-F8F9-4C83-B787-84359C7440DF},416.64215082,134.516351157987
68,93,62,0.18772676,0.07597032,3,40-70,Y,Y,FA12, ,Zostera marina,{7655D6E6-C25C-4ABD-AFF6-A2D71488BB5C},759.701744585,196.786746784132
69,91,60,0.25502132,0.10320347,3,40-70,Y,Y,N10, ,Zostera marina,{FAD8E2DD-167A-49BA-A4B8-C699F3B72590},1032.033565595,341.528096443822
70,90,59,0.11839971,0.04791466,2,10-40,N,N, , , ,{D95A39C8-4E48-4D15-AE9B-A467FA2D3AD6},479.146858095,83.9893481917288
71,87,56,0.1888698,0.0764329,4,70-100,Y,Y,FA11, ,Zostera marina,{98674518-AFC5-46FF-AD62-526081CCA936},764.32720356,164.672683137913
72,88,57,0.18129752,0.0733685,3,40-70,Y,Y,FA11, ,Zostera marina,{A4FC2B31-E483-480E-91CB-1E64E22F7335},733.68395129,231.985511137149
73,89,58,0.19452586,0.07872182,2,10-40,N,N, , , ,{229F1915-6E69-4002-820E-8DC2D041E8D0},787.21863841,155.719333342545
74,85,54,0.03238206,0.01310456,2,10-40,N,N, , , ,{CF054D28-5A72-4A95-A5ED-24525B3848E7},131.04568983,50.1488472027827
75,86,55,0.1869827,0.07566921,2,10-40,N,N, ,Field verified in 2018 based on tracklog, ,{B1DDD630-ABC6-4CEA-AEC0-498F2D5F12E0},756.69314696,193.19299781063
76,84,53,0.06068684,0.02455909,2,10-40,N,N, , , ,{092F531C-432F-4010-9847-A88557FFAD5B},245.59065111,100.967843353185
77,83,52,0.08052517,0.03258738,3,40-70,N,N, , , ,{C07ED8C8-F828-4EFD-9CCB-AFB009ACDCCE},325.873836045,144.40188585859
78,80,51,6.54696282,2.64946185,3,40-70,Y,Y,C30, ,Zostera marina,{D690F6B6-1228-4DE1-A188-AA39B1C8D491},26494.61280951,1406.32141122031
79,78,49,1.92057523,0.77722922,4,70-100,N,N, ,Field verified in 2018 based on tracklog, ,{AB44C9B1-1DA6-456B-9E98-26AFEED3A20C},7772.292365055,540.334588661962
80,74,45,8.62456406,3.49023725,2,10-40,Y,Y,C32, ,Zostera marina,{C8EE8BC7-D5FB-4AB2-8D4E-638394C56C0F},34902.364412695,2072.63002003858
81,77,48,0.08288154,0.03354097,4,70-100,N,N, , , ,{7F21569C-C68F-4E0D-9E9F-CAC53E2D5CAA},335.40994956,118.242524139264
82,75,46,36.82702105,14.90336667,3,40-70,N,N, , , ,{3DB71E18-AE08-43EF-B952-52B792CC8DCE},149033.64240572,2677.02529003695
83,72,43,4.45396046,1.80245385,1,0-10,Y,Y,C26, ,Zostera marina,{585808E3-259E-4389-8A1B-16E9D8BA56EC},18024.5350669,801.969576244803
84,73,44,0.57823517,0.23400347,2,10-40,N,N, , , ,{62C0D2D0-20A3-4189-A3E7-93D1A0B3A7DD},2340.030879985,418.174872371925
85,588,478,0.05184158,0.02097954,2,10-40,Y,Y,SP10, ,Zostera marina,{C4DB4D3E-7713-4F6D-ADC8-6623F971C903},209.795120275,72.2108266096917
86,587,477,4.44797561,1.80003187,3,40-70,Y,Y,"B01, SP09", ,Zostera marina,{F059C0DC-4BCA-4CF3-9EAE-F1E4393B6405},18000.315593345,979.585972410324
87,586,476,0.15791776,0.06390705,2,10-40,Y,N,B02, ,Zostera marina,{6BEEFD36-505B-4E02-B498-D605D542F26E},639.07040857,118.233994520159
88,584,475,13.26787045,5.36931667,2,10-40,Y,Y,"B03, B04, SP12", ,Zostera marina,{087D239E-A328-44A8-B88E-1F2F02E5C992},53693.16751846,2260.6219572782
89,583,474,4.44762333,1.7998893,2,10-40,Y,Y,SP13, ,Zostera marina,{95599C3B-368F-44CF-BA6E-B3CB4F70C6A5},17998.895421315,572.389896182791
90,582,473,3.29925267,1.33516018,2,10-40,Y,Y,SP14, ,Zostera marina,{FC6A1912-6889-4E5D-A31B-C11B3A30F4C5},13351.601299055,1437.55773957184
91,579,470,3.88532947,1.57233705,3,40-70,Y,Y,"B14, B15, B16, SP19", ,Zostera marina,{A766F4B6-9661-425E-902A-2DAAF9A51F70},15723.37306013,870.265373702292
92,575,469,0.81876738,0.3313434,2,10-40,N,N, , , ,{A5179C56-70AB-4F84-9567-D35F894774FC},3313.433129505,313.348162419623
93,574,468,0.21547427,0.08719934,2,10-40,Y,Y,SP24,Dense clump at western end of polygon,Zostera marina,{4B778ECB-22CC-48E9-BA16-5776BA705ACB},871.992939655,145.823516407443
94,573,467,1.64149818,0.66429075,1,0-10,Y,Y,SP25, ,Zostera marina,{45B303F8-D3C3-41BD-85B7-3194B905700F},6642.90102167,835.968757315349
95,570,465,4.26887882,1.72755397,1,0-10,Y,Y,B19, ,Zostera marina,{7308930C-3710-4AAD-A059-72EECE49669A},17275.536696235,544.501930112728
96,569,464,0.33607962,0.1360066,1,0-10,Y,Y,B18, ,Zostera marina,{F54B0790-FD44-4AED-8CFA-39A91C4EF502},1360.065864265,279.08216345182
97,568,463,1.65270265,0.66882503,3,40-70,Y,Y,"B17, SP28", ,Zostera marina,{ECAFACBB-E0A4-4DBE-A379-C864DC9032E7},6688.250606365,671.427982270385
98,558,454,0.21480812,0.08692976,2,10-40,Y,Y,"B13, SP20", ,Zostera marina,{62A8FAAE-A4ED-4FEE-B11E-653CFA208B0E},869.2972623,113.578034102013
99,559,455,1.53556313,0.62142035,2,10-40,Y,Y,"B12, SP21", ,Zostera marina,{D411723E-9DFA-48D9-A975-29A6DC5FA49F},6214.20562714,713.878396309302
100,560,456,2.12898966,0.86157155,2,10-40,Y,Y,"B10, B11", ,Zostera marina,{9923D7A9-60BC-4371-A203-411CD7C33834},8615.717723735,615.406725303164
101,561,457,0.56291899,0.22780523,1,0-10,N,N, , , ,{B97CAE90-9928-4F66-8638-590283A60C55},2278.05075785,186.619277482082
102,562,458,1.55054946,0.6274851,2,10-40,Y,Y,SP22, ,Zostera marina,{862827FC-A93C-482B-B4C3-48D6E1C36646},6274.85107709,567.31388732693
103,563,459,2.28632339,0.92524225,3,40-70,Y,Y,B09, ,Zostera marina,{ACC4048A-B01F-4ADB-A374-B1328AD4F050},9252.426550485,418.728911937665
104,564,460,0.77573304,0.31392802,2,10-40,N,N, , , ,{344CD8DB-AE81-4B1A-84B7-E9DDCE7C768F},3139.279071365,342.2319461316
105,565,461,0.09792781,0.03962998,2,10-40,N,N, , , ,{98224ECB-491F-42F4-BE3D-00190F21A62A},396.30029504,89.7834896054012
106,566,462,0.94982994,0.38438254,3,40-70,Y,Y,"B05, B06, B07", ,Zostera marina,{CA3AA124-3AE8-41C5-BD7C-B51ABF903F94},3843.825388835,308.656983292817
107,554,452,5.63877433,2.28193101,3,40-70,Y,Y,"B23, SP40", ,Zostera marina,{81582B5B-5B33-431B-82E4-1F35EE8493D9},22819.31140061,1002.61454620713
108,556,453,13.23108579,5.35443045,3,40-70,Y,Y,SP34, ,Zostera marina,{5141C4F7-C1F6-4A2F-9B23-2089399AE7B3},53544.30897612,2093.47079099802
109,550,450,3.30158801,1.33610527,2,10-40,N,N, ,Field verified in 2018 based on tracklog, ,{82AF801D-3BB8-42AE-9522-745995EFDBD1},13361.052961135,699.696917606288
110,536,437,11.18320167,4.52568115,2,10-40,Y,Y,B28, ,Zostera marina,{556BB055-364F-47A1-8193-3966986B4D4E},45256.81374218,1555.20663325921
111,538,439,0.69684487,0.28200311,2,10-40,Y,Y,B26, ,Zostera marina,{A3E77720-52E0-479F-9A28-AF19ADEEB302},2820.02916374,381.278242415899
112,539,440,1.51371884,0.61258028,1,0-10,Y,N,B25, ,Zostera marina,{5B0368B0-00BF-4BE6-A722-37511E3F3355},6125.79899921,384.662457565988
113,540,441,5.013394,2.02884857,2,10-40,Y,Y,SP30, ,Zostera marina,{5031EBE2-52F1-4351-B2EF-E15802BB1C89},20288.48795178,721.432778859782
114,541,442,5.59992827,2.26621057,2,10-40,Y,Y,SP29, ,Zostera marina,{1160D468-76FD-40A9-9BF1-B4248B450F3E},22662.103925385,838.200976010274
115,542,443,0.12740967,0.05156086,2,10-40,Y,Y,SP41, ,Zostera marina,{6E80BC01-A7B5-46A1-9262-C38F9E4FF34C},515.607760075,92.7391049471101
116,544,445,0.57423051,0.23238284,2,10-40,Y,Y,B37.5, ,Zostera marina,{FB51DEB5-AEB7-439E-B993-AF05BDAE334F},2323.829219485,304.872358231957
117,543,444,2.5830587,1.04532677,2,10-40,Y,Y,"B36.5, SP43", ,Zostera marina,{C56DDB2E-1353-49C4-A11A-79B71A19CD8E},10453.271105315,975.864650399767
118,545,446,3.24087595,1.31153596,3,40-70,Y,Y,B37, ,Zostera marina,{CDD9D62F-6E36-4C0E-BFE6-DD830B816679},13115.361755805,836.616086830453
119,547,447,0.84989653,0.34394092,1,0-10,N,N, , , ,{13F0D415-2CB4-48CB-94BC-78ACDC94155D},3439.405745345,517.161846823614
120,548,448,0.75796674,0.30673826,1,0-10,Y,Y,B35, ,Zostera marina,{3B7E2B4F-2ED3-425D-9C93-5DCCBD4BAA57},3067.384860825,565.55215315654
121,549,449,1.87143805,0.75734411,1,0-10,Y,Y,B34, ,Zostera marina,{AEEC89FB-E602-4C13-8D0D-CED0B6A1214B},7573.438692345,484.062658310118
122,532,433,1.24946334,0.50563987,2,10-40,Y,N,B33, ,Zostera marina,{7DCFAE29-9DE5-42E6-9888-05BB85BF7A21},5056.397810695,278.483360063159
123,533,434,0.08652804,0.03501666,1,0-10,Y,N,B32, ,Zostera marina,{240B3B3A-C53A-427E-BEC0-382F6544C94E},350.166612055,91.7599763290822
124,534,435,6.20764153,2.5121434,2,10-40,N,N, , , ,{284D1398-E1B5-4393-BAB6-CD8BF2198F58},25121.433512015,1318.68898235238
125,535,436,70.5089453,28.53395781,2,10-40,Y,Y,"B29, B30", ,Zostera marina,{9AC91FC2-891A-4121-B608-CF55E29B084A},285339.593789095,4429.80984602244
126,530,431,0.53891112,0.21808959,3,40-70,Y,Y,SP44, ,Zostera marina,{7EB7A317-ADB0-43C4-BA08-E168B633BF07},2180.89547155,254.710193185599
127,531,432,1.41491018,0.57259383,2,10-40,Y,Y,"B41, SP45", ,Zostera marina,{ADA4A654-AE27-4EDD-BCE8-568507927148},5725.93884347,774.274114216572
128,526,428,2.05460418,0.83146881,2,10-40,Y,Y,"B38, SP47", ,Zostera marina,{BE33B997-58EF-40DF-8372-00260BEE63BB},8314.68421042,921.560915492696
129,528,429,0.6851707,0.27727875,2,10-40,Y,Y,"B39, B40", ,Zostera marina,{DD5A9056-D073-414F-8A23-64DD24A3AFBA},2772.78466526,479.952581861168
130,529,430,0.30853914,0.12486136,2,10-40,N,N, , , ,{74CF8842-580F-4A89-B8A1-5DDC7B03000F},1248.61337287,227.920870416723
131,605,489,3.30771622,1.33858526,2,10-40,Y,Y,"D32, D33", ,Zostera marina,{399F380C-372F-404C-87A4-FD6391EA04E2},13385.851551525,558.537790912147
132,607,490,1.75805958,0.71146147,3,40-70,Y,Y,D31, ,Zostera marina,{8A07777E-6D00-48A3-9329-07F5D71C7925},7114.61201142,452.961880864042
133,608,491,0.14807596,0.05992422,3,40-70,Y,Y,D30, ,Zostera marina,{44F27AE4-8EDB-4979-82C8-90B8E17A8F22},599.24080736,165.074549480457
134,610,493,0.76208428,0.30840457,1,0-10,Y,Y,D29, ,Zostera marina,{5FA7D68B-B7C4-4B69-947E-8DD16966EAF8},3084.044224065,281.400407633906
135,609,492,2.05456762,0.83145402,2,10-40,Y,Y,D29.5,Dense clumps spread out,Zostera marina,{6C718DB9-ED58-40F9-AB39-2152C031D69E},8314.541875165,681.68640939467
136,612,494,0.13945016,0.05643348,3,40-70,N,N, , , ,{DB8703BB-DD52-4C21-9210-5185BE9CBCD4},564.335466965,98.2997959554746
137,613,495,3.18232424,1.28784093,3,40-70,Y,Y,"D23, D24, D25", ,Zostera marina,{8EE61FD8-8381-4166-B131-4F37AFE39B1E},12878.407527,873.86860240228
138,614,496,2.4810927,1.00406259,3,40-70,Y,Y,D22, ,Zostera marina,{540E7D1B-E3CA-4436-B55B-CA734A5173A0},10040.62347914,661.760928230824
139,615,497,2.92086744,1.18203312,2,10-40,Y,Y,D21, ,Zostera marina,{63FBAD0D-AB30-4623-AAFB-1D5D7AC6EF27},11820.32719987,641.887646273448
140,616,498,0.32913729,0.13319714,2,10-40,Y,Y,D20, ,Zostera marina,{1FF89764-2D0B-4357-B8CE-49DDDD3A254A},1331.971887865,191.059122304496
141,617,499,5.57630255,2.25664958,3,40-70,Y,Y,D19, ,Zostera marina,{0E5CB9D1-9CE9-463E-8B11-222BBE5E3C30},22566.501042035,1003.21692426805
142,618,500,7.11289256,2.87848549,2,10-40,Y,Y,"D17, D18", ,Zostera marina,{81095700-E90D-4DA7-A920-58A1B477F189},28784.86587839,1499.57950650549
143,620,501,16.69334664,6.75555771,3,40-70,Y,Y,"D15, D16", ,Zostera marina,{37210EC3-881A-4A24-A275-72A8C520EF29},67555.572710385,1393.61861170558
144,589,479,7.32370283,2.96379738,3,40-70,Y,Y,"D13, D14", ,Zostera marina,{F2F37DC8-F0D5-47EB-8F46-43CDAF47FCF5},29637.97758729,1426.53508240809
145,592,480,0.35534767,0.1438041,2,10-40,Y,Y,D12, ,Zostera marina,{E128F483-4EFE-4785-B6E3-1E9A7AEC9EC6},1438.04070021,228.558487320569
146,593,481,2.80612352,1.1355979,1,0-10,N,N, , , ,{12CF3DE4-1B66-406A-ACB8-2CA6DB6A8C05},11355.97995407,643.412340492206
147,596,482,4.70732503,1.90498685,1,0-10,N,N,D09, , ,{B1E90D4B-821F-496E-AD29-4472CE2CC054},19049.87011371,991.472766047059
148,597,483,0.8640907,0.3496851,1,0-10,N,N, , , ,{43218AC7-E7F5-4A1E-85B6-11A37E8E88BE},3496.850801595,378.209418620769
149,598,484,14.53433629,5.88183722,2,10-40,Y,Y,"D03, D04", ,Zostera marina,{B291F0FC-767D-4B2B-A55A-E50BF33F3BBB},58818.37421808,3005.63447438343
150,601,485,5.75554379,2.32918594,3,40-70,N,N, , , ,{1C25677A-4FCD-471C-B827-A6696ADCBF64},23291.85891358,805.251736778977
151,602,486,1.66928635,0.67553622,2,10-40,Y,Y,D01, ,Zostera marina,{225EA767-20E9-40EB-8E9B-DD24AE2C3D3A},6755.364835485,381.264620914264
152,603,487,1.61309212,0.65279522,3,40-70,Y,Y,D35, ,Zostera marina,{27C701A9-0E5E-42C6-A324-F5D839E75949},6527.95359871,564.472974823099
153,604,488,2.97447888,1.2037289,3,40-70,Y,Y,D34, ,Zostera marina,{34BE37C5-D006-4315-AB1B-641F9AE6BDDB},12037.289682015,483.951785760242
154,519,421,9.61075931,3.88933631,1,0-10,Y,Y,C01, ,Zostera marina,{C28716F2-D5B5-4AB0-900E-5A8107DF755E},38893.364120125,1346.47657069183
155,517,420,1.85720293,0.75158336,2,10-40,N,N, , , ,{2AA853EE-6BA9-4DA5-BE8F-7A2485FB5BBB},7515.83247112,648.657666513924
156,516,419,4.10303211,1.66043819,2,10-40,N,N, , , ,{B1C358FA-6E57-42C4-86A6-BC64507D6526},16604.38064749,1574.17590416704
157,514,417,0.97960367,0.39643154,3,40-70,Y,Y,C04, ,Zostera marina,{99B1EFCE-8AE5-4772-B520-DC55F8446148},3964.314743035,477.742321641026
158,522,424,1.44798741,0.58597972,2,10-40,Y,Y,FA04, ,Zostera marina,{A890CBC4-58D7-46DA-A254-490EEF3982AD},5859.79781067,893.404276946661
159,521,423,0.3804936,0.1539803,2,10-40,N,N, , , ,{EC2AF651-D668-4E32-A153-7DE516A264EF},1539.80169487,255.706399638908
160,520,422,3.11784228,1.26174601,1,0-10,N,N, , , ,{9E6EF494-C12F-4EC8-B3C6-8581A7795599},12617.45701434,1205.15309762981
161,523,425,0.82014605,0.33190133,1,0-10,N,N,C02, , ,{E9655763-4740-4647-9B8C-2D5887281E9F},3319.0133043,337.701854651895
162,525,427,0.69781046,0.28239388,3,40-70,N,N,FA05, , ,{196D026B-512F-4AF9-BF0D-E0B3E339BCB9},2823.94050498,439.648466422739
163,513,416,1.62709472,0.65846187,2,10-40,Y,N,FA03, ,Zostera marina,{73DC950B-4573-4D8F-A41B-76FE6F099F06},6584.615878945,486.174203378957
164,512,415,5.53209555,2.23875964,3,40-70,N,N, ,Field verified in 2018 based on tracklog, ,{66851B8E-4FE2-4F06-83E3-233395BE9D2C},22387.599851475,1375.03600674136
165,509,414,28.23902284,11.4279271,2,10-40,Y,Y,"C17, FA09", ,Zostera marina,{1B8CA686-9246-4E42-8DE3-CF78EACE508A},114279.256343735,8186.2422765483
166,501,409,0.47354539,0.19163702,2,10-40,Y,Y,"C13, FA08", ,Zostera marina,{F8A2D8C5-51C5-4AE1-97E6-D1880F3FB300},1916.36929839,254.362975038244
167,500,408,0.31748926,0.12848334,3,40-70,N,N, ,Field verified in 2018 based on tracklog, ,{5E307303-F1E4-472F-9BDB-7774B652B429},1284.831831815,296.742568116535
168,498,406,1.76728613,0.71519532,3,40-70,Y,Y,FA07, ,Zostera marina,{FA48F788-0890-4AC8-BA21-70B483FF2FF6},7151.95623931,579.103463184807
169,499,407,4.55603234,1.84376088,2,10-40,Y,Y,"C08, FA06", ,Zostera marina,{3538F401-C711-4447-8E85-6D117B6D66CB},18437.607563205,1014.15031050418
170,486,395,13.2312399,5.35449282,2,10-40,N,N, , , ,{3591E6E3-C08C-4152-9676-05C8A8DCE550},53544.927824215,2374.87660806314
171,487,396,0.82040344,0.33200549,2,10-40,Y,Y,E06, ,Zostera marina,{E3CF2CA3-4844-4196-BDDC-94A953D18CA2},3320.056421225,298.492831331118
172,488,397,14.62311031,5.91776279,2,10-40,Y,Y,"E07, E11", ,Zostera marina,{A61C2AD1-A0AB-4ED2-AB32-E4E6489BB874},59177.62411604,2232.42155487636
173,489,398,4.78160369,1.93504636,2,10-40,Y,Y,"E09, E10", ,Zostera marina,{A660447C-B7F7-4BAD-A8A2-E399753DC1A1},19350.45629569,1634.98340696576
174,491,399,0.02558489,0.01035384,2,10-40,N,N, , , ,{F36186FE-F4EA-42A0-A45A-0B7474CA40AB},103.53828573,66.8273625363399
175,492,400,0.16376529,0.06627346,2,10-40,N,N, , , ,{338427E2-D514-4A1C-8928-1BCC492D12F1},662.73470154,191.892970865803
176,493,401,1.02651143,0.41541444,2,10-40,Y,Y,E08, ,Zostera marina,{24FDD7C8-2E7E-443F-B921-A1D9C684798B},4154.14176243,311.937259749902
177,494,402,1.82968395,0.74044682,2,10-40,N,N, , , ,{AD400FEE-95F7-4F9B-AD1C-49C5AB4ACF8F},7404.467575605,543.812260585077
178,495,403,0.25775576,0.10431006,2,10-40,Y,Y,E12, ,Zostera marina,{CD1317B3-22F7-4CDD-8E75-A5580DEF614B},1043.10328348,300.037534560211
179,496,404,7.70675109,3.11881152,2,10-40,Y,Y,E13, ,Zostera marina,{EC61B704-1738-488F-8DD1-F026005C8769},31188.11700807,1169.55663666142
180,497,405,11.70355133,4.73625919,1,0-10,Y,Y,E14, ,Zostera marina,{DB23F1A1-680D-4A2A-88BC-72436A625994},47362.591443625,1785.66087695102
181,466,384,11.36736422,4.60020909,2,10-40,Y,Y,E16, ,Zostera marina,{020D734D-C914-45F0-878F-13D545163B95},46002.091213305,1711.90072621656
182,468,385,1.0709869,0.43341302,1,0-10,N,N, , , ,{0B93E55D-AD48-4EE9-AB74-F728758CFC2B},4334.129182175,645.459909586749
183,469,386,1.04301931,0.42209494,1,0-10,N,N, , , ,{E46B1B88-7710-4D4A-B5C0-CC904B1CACAD},4220.94789269,607.185865013784
184,470,387,0.40778581,0.16502506,2,10-40,Y,Y,E15, ,Zostera marina,{4A0FEEC6-386E-4748-8FF6-F272C4850C23},1650.25274465,301.480787166737
185,471,388,5.67058691,2.2948051,2,10-40,Y,Y,E18, ,Zostera marina,{0ACDF3DC-1FC0-4FEC-ABFC-61A929A3FE07},22948.05033009,1671.08496795787
186,472,389,2.86636465,1.15997662,3,40-70,N,N, , , ,{A0D70B22-92B7-48E2-B442-7DAC2054D5E2},11599.76419658,908.317820758621
187,473,390,14.053444,5.68722701,3,40-70,Y,Y,E19, ,Zostera marina,{734D724A-9A23-488E-A6E9-912685494604},56872.262593045,1922.86349123354
188,474,391,18.07749495,7.31570265,2,10-40,Y,Y,E20, ,Zostera marina,{C072F6B2-BF46-4BDD-853C-3FC9EDC7350F},73157.02076144,3379.53244464138
189,476,392,95.69175323,38.72507861,3,40-70,Y,Y,"E22, E24, FA15", ,Zostera marina,{B29D1CAE-6E4F-47F2-91E0-A0B1DA29D55D},387250.793084825,8159.67710492727
190,482,393,46.44821535,18.79692586,3,40-70,Y,Y,"E02, E03", ,Zostera marina,{0708F6EE-544B-4627-A46D-0463AC21B716},187969.258905755,5983.79980187925
191,485,394,4.08740436,1.65411386,2,10-40,N,N,E05, , ,{DFCE1918-43DC-48D8-ABD2-873CC31C73E8},16541.137489875,1353.1432470364
192,462,380,0.21793487,0.08819511,3,40-70,N,N, , , ,{30F3843F-A825-422B-8EBE-CA4D548FEB66},881.94996872,158.195416206552
193,461,379,0.41011975,0.16596958,3,40-70,Y,Y,E29, ,Zostera marina,{D551A39C-0600-4BBB-A4CE-F0CDBE5AEFA2},1659.695448235,173.653532873919
194,459,378,1.5081337,0.61032006,3,40-70,Y,Y,E30, ,Zostera marina,{1830BD1F-F248-407D-B7C2-5B92F9594704},6103.200437975,487.021977015883
195,458,377,1.48555408,0.60118241,2,10-40,Y,Y,E31, ,Zostera marina,{C3FADD0D-3D51-4CF5-B612-936B1191EA4B},6011.8237811,873.924145551732
196,457,376,0.61682176,0.24961891,2,10-40,Y,Y,E32, ,Zostera marina,{10B6816F-A45F-47D6-B8CF-EDC2E96B4676},2496.189576705,431.900551534363
197,456,375,1.74610074,0.7066219,3,40-70,Y,Y,E33, ,Zostera marina,{406DD518-71D4-42D8-AAA6-F57FBE6A6018},7066.21857705,631.322544349036
198,455,374,0.50351961,0.20376715,3,40-70,Y,Y,E34, ,Zostera marina,{BA45C7C3-108A-4019-B216-84C64970F7BE},2037.673210345,494.431632073039
199,450,370,0.22929542,0.09279256,2,10-40,N,N, ,Grass evident in 2013 imagery, ,{E76AC757-6A6F-462D-A66A-23F030E1A752},927.92532434,162.303510263708
200,451,371,0.24732454,0.10008869,3,40-70,N,N, , , ,{B1BBE513-3BB6-4A92-8E18-3FFC2DE361E1},1000.885805415,140.396223012652
201,452,372,2.84683464,1.15207311,1,0-10,N,N, , , ,{54155585-8B70-4B2C-9F13-01989E4A56CC},11520.729884705,523.361478692552
202,453,373,0.84668642,0.34264184,1,0-10,Y,Y,E27, ,Zostera marina,{7CDC1684-56EF-4789-9568-4D64076FE38E},3426.422616145,535.201436432066
203,427,350,1.13716144,0.46019291,3,40-70,N,N, , , ,{CA2EB279-D876-46EC-A9D9-77B25B89C505},4601.93014764,444.054715645392
204,449,369,0.12435422,0.05032437,4,70-100,Y,Y,X14, ,Zostera marina,{205FC458-A839-4006-9B1A-856CB3FDCE88},503.24326332,102.797639381937
205,448,368,0.43511756,0.17608583,3,40-70,Y,Y,"X12, X13", ,Zostera marina,{19E3A36C-C71E-46E1-8A40-E9F91CEB7A20},1760.857902125,339.710770778159
206,447,367,0.32398821,0.13111338,3,40-70,Y,Y,X11, ,Zostera marina,{D8F3E2B1-A87B-43F3-900E-B4B0E1A10A65},1311.134121555,245.033363081793
207,446,366,0.28356838,0.11475605,3,40-70,N,N, ,Field verified in 2018 based on tracklog, ,{6E43A5B1-F701-42EA-9621-AA1E29121572},1147.559730395,167.483119108174
208,445,365,3.03477847,1.22813127,3,40-70,Y,Y,"X09, X10", ,Zostera marina,{F46A65D9-C4EB-4879-AB46-B5DE434C89CF},12281.312898975,1490.56696102349
209,441,364,20.65945498,8.36058481,3,40-70,Y,Y,"X04, X05", ,Zostera marina,{0DA41B86-1AE9-4D69-B316-E4E07B9FF278},83605.842565565,1966.82863361806
210,440,363,0.41354807,0.16735697,3,40-70,Y,Y,X03, ,Zostera marina,{5829F0D5-F5C5-462D-99B9-84B5A042B9BF},1673.568118725,190.694737896058
211,439,362,3.5435491,1.43402344,4,70-100,Y,Y,CL27, ,Zostera marina,{7CE1D91E-6F24-4E5D-9F61-0A3460E90708},14340.234553595,564.918872527432
212,436,359,0.70105549,0.28370709,3,40-70,Y,Y,CL25, ,Zostera marina,{6BF65292-9BF1-4B36-87E3-2B2CCA08C046},2837.07213966,326.604213625285
213,435,358,1.50955477,0.61089514,2,10-40,N,N, , , ,{96453AA2-D5CE-49A9-8111-3E69602201B5},6108.950255625,533.033218377004
214,434,357,18.02330012,7.29377078,2,10-40,Y,Y,CL24, ,Zostera marina,{49180DFC-315B-4EDD-B077-E7BE89F52818},72937.705068135,2039.159853574
215,433,356,0.36334793,0.14704169,4,70-100,Y,Y,CL23, ,Zostera marina,{1090DA77-FFEE-43A5-88B2-ECB565671B35},1470.417844325,187.358929061295
216,432,355,0.70886848,0.2868689,2,10-40,Y,Y,CL20, ,Zostera marina,{D31F13AE-81F0-4762-A480-8509A49EB173},2868.686894675,252.274288248475
217,429,352,0.22679713,0.09178154,2,10-40,Y,Y,CL19, ,Zostera marina,{9B42F6BD-609A-4A55-998F-9530F93EB55B},917.816571735,163.030202457388
218,431,354,0.2042842,0.08267088,2,10-40,Y,Y,CL19, ,Zostera marina,{6227B996-C277-4084-A570-11D201BCB1B0},826.708280745,162.462472464476
219,430,353,0.04580812,0.01853789,3,40-70,N,N, , , ,{CF3458EE-834B-466E-A3E4-28F1A8D19AAB},185.37960111,87.1780035694491
220,428,351,0.06477657,0.02621415,4,70-100,N,N, , , ,{4E0D7C41-466E-460E-8DA6-1CAB9D333B20},262.14141601,75.1557509419418
221,426,349,1.91781435,0.77611193,2,10-40,N,N, , , ,{B08F5BEB-4387-4070-955F-895A0A4FD33E},7761.117731275,729.828373122005
222,415,338,0.11282417,0.04565832,3,40-70,N,N, , , ,{F941DA45-3E43-4BF0-BC6C-8EA96F9E583A},456.582316885,160.157458989948
223,416,339,0.76849621,0.31099938,4,70-100,Y,Y,CL13, ,Zostera marina,{6A4728BD-0278-4AD8-9E5D-B7BC772BBDBA},3109.991806855,277.358742658144
224,417,340,1.63832466,0.66300647,3,40-70,Y,Y,CL14, ,Zostera marina,{76322CF4-A2C6-494E-ADEC-E49CF65BC454},6630.061623615,632.280627088857
225,419,342,2.58462237,1.04595956,3,40-70,Y,Y,CL14, ,Zostera marina,{51886D05-B542-4FFF-80E3-1F404A2EAEB1},10459.59817038,1105.56195430433
226,421,344,0.85905385,0.34764676,2,10-40,Y,Y,X01, ,Zostera marina,{293BDAA4-4D5E-43B9-A9C7-14D75A7A5076},3476.463083495,418.306033683697
227,422,345,3.22930264,1.30685241,2,10-40,N,N, , , ,{EA40C670-F2DC-48FB-9BAF-88A238D4AF8C},13068.52757293,555.175595881841
228,423,346,0.15024316,0.06080125,2,10-40,N,N, , , ,{D6793DA1-F284-4F2F-87AD-6011AD3A1898},608.012435035,198.067171471601
229,424,347,2.01134181,0.81396115,3,40-70,Y,Y,CL16, ,Zostera marina,{6E5D1884-9A94-4FE4-9516-624ECE019E42},8139.610523285,552.619132099312
230,425,348,2.38494847,0.9651544,4,70-100,Y,Y,CL17, ,Zostera marina,{DF77613A-A259-4CD0-91CF-E55D50DD071D},9651.541942925,481.805585670879
231,413,336,7.80724784,3.15948111,3,40-70,Y,Y,CL42, ,Zostera marina,{02301BFE-7CA5-4C2A-B42E-D85189FA7B78},31594.81219972,2241.04822272102
232,414,337,0.19618876,0.07939477,3,40-70,N,N, , , ,{06DFE274-BCB9-407D-AB9A-DDED177EEF4F},793.9478093,168.515498245882
233,330,266,0.83805716,0.3391497,3,40-70,N,N, , , ,{1A965E05-6D2C-4FF8-95DE-2AE3D41BD994},3391.49554696,307.645024423642
234,332,267,0.49004327,0.19831348,3,40-70,N,N, ,Field verified in 2018 based on tracklog, ,{C3CA1DA1-CEB7-4C37-8450-1DD947921544},1983.13403405,187.677584187531
235,333,268,2.04631004,0.82811229,3,40-70,N,N, , , ,{A8F7823C-3952-4950-B8BF-D9FD772BCC48},8281.11984838,429.787705961915
236,334,269,0.65285776,0.26420216,3,40-70,N,N, , , ,{5B240A22-CFBD-4237-8333-B52266590F6A},2642.023614065,351.51918346619
237,335,270,0.64430802,0.2607422,2,10-40,N,N, , , ,{591331A0-B3C6-431B-9DD5-41A6EC0A19F8},2607.421511565,320.283999586393
238,336,271,9.77754266,3.95683113,4,70-100,Y,Y,M28, ,Zostera marina,{5B0DDCA7-2142-4107-B118-8E5859F8B571},39568.315170035,1002.30665462571
239,338,272,4.84747313,1.96170278,2,10-40,N,N, , , ,{32BC9F38-DAFF-4FB1-83A0-2506D9768057},19617.025127945,682.407383552649
240,339,273,0.10478755,0.04240602,3,40-70,N,N, , , ,{A41EE091-2E81-4EF2-B2D0-8AFCFC0B634D},424.05796887,100.716470784047
241,341,275,2.24946833,0.91032753,1,0-10,N,N, , , ,{914C4632-22C7-4480-A599-05C7EC437DDA},9103.27250304,677.738349237463
242,340,274,1.55405736,0.6289047,1,0-10,N,N, ,Field verified in 2018 based on tracklog, ,{77382F39-5D6F-4B24-ABCC-4A385ADB2510},6289.04776609,797.267127174114
243,343,277,3.5426555,1.43366182,2,10-40,N,N, , , ,{42869F43-4995-465F-8958-1751A971832B},14336.61919227,967.628265387281
244,347,279,41.99039451,16.99290977,2,10-40,N,N, , , ,{2F840C13-8C3E-4411-AF94-A85B7A39F50A},169929.103636105,6158.45636110771
245,351,281,0.29298015,0.11856486,4,70-100,Y,Y,M29, ,Zostera marina,{15283DD3-899A-4957-9E5D-35A7CC2B54FB},1185.649435615,237.672962844146
246,352,282,0.04618094,0.01868876,4,70-100,N,N, , , ,{371D1D50-9383-40A6-A013-7147A9D50BA3},186.887298735,66.4740262322246
247,346,278,0.33119609,0.1340303,3,40-70,N,N, , , ,{33FC48E6-185C-423A-9988-E4134EBA13B7},1340.301935515,207.764143758973
248,350,280,3.68064703,1.48950501,3,40-70,N,N, ,Field verified in 2018 based on tracklog, ,{9F4D5B1B-6B0E-44C8-A53A-B024DBAB5F79},14895.05340122,676.814383857226
249,178,131,2.74974502,1.11278233,3,40-70,N,N, , , ,{45B204B7-95B2-4EA4-A0B8-6CF6418867E9},11127.822544665,812.489415923154
250,179,132,0.04859747,0.0196667,3,40-70,N,N, , , ,{F3E9DDC7-D866-4510-909F-EF25959A3120},196.667080785,96.3663363364431
251,184,133,6.75846508,2.73505378,2,10-40,Y,Y,M34, ,Zostera marina,{C586B4A2-E3B2-4DAD-8773-A692E41378F8},27350.548022345,1860.40606762161
252,190,135,0.42475026,0.17189033,3,40-70,N,N, , , ,{A051FA39-1B0B-4808-93A6-E2A222CB8F0F},1718.903536215,184.807018651998
253,191,136,1.27058574,0.51418781,4,70-100,Y,Y,M26, ,Zostera marina,{A018EA94-E785-4810-B2C1-BC8D9FED8AD5},5141.87828067,397.019152542439
254,192,137,0.09898577,0.04005812,4,70-100,N,N, ,Field verified in 2018 based on tracklog, ,{80F57E64-4B48-44D1-9994-2072999E93AD},400.582549585,108.809073777649
255,186,134,1.43241351,0.57967718,4,70-100,N,N, , , ,{8F126B35-6350-434B-95A7-6CB4C5EEFC60},5796.77141198,570.486065289976
256,193,138,13.24729889,5.36099166,4,70-100,Y,Y,M33, ,Zostera marina,{E2636E2A-1E66-40C6-92BE-D05F7AF2AB71},53609.92970277,1042.69674730067
257,195,139,21.94031839,8.87893184,2,10-40,Y,Y,"L30, L31", ,Zostera marina,{1F878CCC-87D5-4AD3-86E4-77382529C3A5},88789.32650383,7082.44957314634
258,196,140,0.69285782,0.28038961,1,0-10,Y,Y,L29, ,Zostera marina,{593630F0-6D54-4FFD-8981-1762E13D5F13},2803.895001195,408.824665685088
259,197,141,0.42301884,0.17118965,1,0-10,N,N,L28, , ,{D6D02EE6-9DFD-43C4-BC5D-DFEC6D947606},1711.89747615,185.147639886145
260,199,143,0.33619487,0.13605324,1,0-10,N,N, , , ,{9B32A4E9-7BD2-42D4-B839-19A9DC36942C},1360.531857995,184.671663516093
261,203,147,1.36713397,0.55325949,1,0-10,Y,Y,L26, ,Zostera marina,{AAF0DF09-FEC2-49F4-B8DF-235DE7E2FBFD},5532.582124865,1714.22470773398
262,205,148,3.86144343,1.56267071,2,10-40,N,N, , , ,{39E78547-F427-4843-B423-0FAF83CA9994},15626.70723075,1073.33336256453
263,206,149,0.72878164,0.29492747,2,10-40,N,N, , , ,{C6C0D663-CB8F-4960-8F89-375CEF88B9DE},2949.276874305,780.404290940905
264,208,151,0.35625441,0.14417104,1,0-10,Y,Y,L16, ,Zostera marina,{953CF9B9-6155-4DDF-8B37-EA523131C9CD},1441.70772515,282.956221082921
265,207,150,1.7699979,0.71629274,2,10-40,N,N, , , ,{75660462-7FAB-4DF4-B47E-4E0FDB15C41F},7162.92884815,965.071289776945
266,209,152,0.02820934,0.01141592,1,0-10,Y,Y,L15, ,Zostera marina,{A2837000-A503-4E12-8DA8-21549ABA3C59},114.159031525,43.9461815524581
267,210,153,0.26469471,0.10711815,2,10-40,N,N,L14, , ,{5FE913C3-BD2E-4CCD-AD4B-0301FB8BD0EB},1071.180302945,416.174153445814
268,211,154,0.11850949,0.04795909,3,40-70,N,N,L13, , ,{9C0EC7A2-B12E-4EF9-9B5B-F347F51B5242},479.59133968,102.753615985668
269,213,155,0.10818047,0.04377908,2,10-40,Y,Y,L12, ,Zostera marina,{9C875B74-D2DB-4965-8C4B-CE57D07C5BAE},437.790924085,142.273879717674
270,219,161,9.1183959,3.6900839,2,10-40,Y,Y,L25, ,Zostera marina,{16858C6F-128D-4750-A77D-A86568763D93},36900.843161385,846.13614677445
271,220,162,1.31395382,0.53173825,2,10-40,N,N, , , ,{B74794CA-B485-4D35-A6ED-99023C885A0D},5317.38019533,553.261343163811
272,218,160,1.56361134,0.63277106,1,0-10,Y,Y,L05, ,Zostera marina,{AB510237-B24A-4279-8CC5-80E4E02148A4},6327.712174075,555.496201691571
273,217,159,0.13756386,0.05567012,1,0-10,Y,Y,L04, ,Zostera marina,{A4E6ED29-F4CE-40D1-88F2-EC58E25CD3C9},556.70217435,120.028721451289
274,216,158,0.13648552,0.05523373,2,10-40,N,N, , , ,{4AD72BB4-A1A6-4AD9-AC9C-66F69B6D4DCD},552.33734199,149.978266310913
275,215,157,0.36115351,0.14615364,2,10-40,N,N, , , ,{66857E5B-4365-4B82-88D0-89777C3D1F94},1461.53297553,656.964199008899
276,221,163,1.24739905,0.50480448,1,0-10,N,N, , , ,{AB0E4D10-6BFD-48E1-8D35-5D9F7D94EEB7},5048.046538575,1025.92106815983
277,223,165,0.26931184,0.10898663,1,0-10,N,N, , , ,{5A69BD9B-30E3-4081-B45D-8DB30D76CD63},1089.86887784,270.359107848595
278,224,166,1.8304206,0.74074493,2,10-40,Y,Y,L41, ,Zostera marina,{092EC2A2-EE53-415B-95D4-BDE6BC9C9E19},7407.44813691,873.179465463208
279,225,167,1.32106621,0.53461653,2,10-40,N,N, , , ,{218EB46C-818C-4DD1-B567-79FD8F57492F},5346.164061435,638.128960348731
280,226,168,0.53192751,0.21526343,2,10-40,N,N, , , ,{19BE32F6-255C-49D7-8D85-1C98F8C0F28C},2152.63529032,328.890145396259
281,229,171,4.39421904,1.77827736,2,10-40,N,N, , , ,{291B73AA-9A16-428F-8633-128ACF16BA09},17782.778539445,939.422812574982
282,227,169,1.91551678,0.77518214,2,10-40,N,N, , , ,{42BC79C8-98ED-45E8-8877-F19453AC8852},7751.817776315,553.073606280648
283,228,170,1.08640481,0.43965243,2,10-40,N,N, , , ,{653ACB03-FC99-40D3-B0F1-F3473FE77DC5},4396.525744075,409.451763128345
284,230,172,6.9040247,2.79395967,3,40-70,N,N, , , ,{E9AD6D86-F20F-4E09-A914-0165F605D854},27939.60063693,1717.43011584492
285,231,173,0.14163067,0.0573159,3,40-70,Y,Y,L40, ,Zostera marina,{AE4DFD60-0723-47D0-BAD0-3C574723A681},573.15821067,99.9028997947454
286,234,175,0.11689283,0.04730485,4,70-100,Y,Y,M35, ,Zostera marina,{90A95173-4782-4B29-8AF3-9373E8788431},473.04944826,126.263230604641
287,232,174,2.08207001,0.84258384,3,40-70,N,N, , , ,{2B44B760-E97F-413E-8A80-65DDB021BD5E},8425.839698745,495.569488641506
288,235,176,0.06622703,0.02680113,3,40-70,N,N, , , ,{7D98B436-3269-4D20-AB63-0BC1CEB2E105},268.01144433,67.10052579734
289,236,177,1.65534,0.66989233,2,10-40,N,N, , , ,{FE517506-9484-408C-BC25-F7E15D2D48C1},6698.92977673,743.297145867161
290,237,178,0.11367433,0.04600237,3,40-70,N,N, , , ,{15B5DE36-955B-4C0F-B95A-1650A4FBE5EA},460.0241786,113.000108927773
291,238,179,0.49869147,0.20181328,3,40-70,N,N, , , ,{929719E6-A403-4BFE-8097-056950CCB77D},2018.13189636,227.056081870721
292,239,180,0.10933738,0.04424727,2,10-40,N,N, , , ,{502EF634-E028-428E-9074-F418A16A77DE},442.472569565,84.0375384501123
293,240,181,0.3018314,0.12214684,4,70-100,Y,Y,M38, ,Zostera marina,{0E53C4F3-3CC4-441E-BCB8-46D9CB2E7218},1221.467707695,319.365456173348
294,241,182,0.117866,0.04769868,4,70-100,Y,Y,M39, ,Zostera marina,{E0CBEB22-447B-4534-BC56-B2E30CB4536D},476.986859075,91.5396120895821
295,242,183,3.44209508,1.39296646,4,70-100,N,N, , , ,{B36314F2-A7B1-470F-93AE-0A2592E3FFFC},13929.662871955,694.821113307231
296,380,306,0.02963299,0.01199205,4,70-100,Y,Y,FA18, ,Zostera marina,{C182019C-7273-4CD2-82F8-4FB1C86E9CF8},119.91996621,40.3170917236309
297,381,307,0.45769542,0.18522277,3,40-70,N,N, , , ,{A4633F0F-7AEF-4D27-A9B3-89072306A7F9},1852.22684769,407.0162774818
298,386,312,0.57107652,0.23110647,4,70-100,N,N, , , ,{402A91CD-54EB-419B-929A-FF609AE308C6},2311.064355955,438.844869211108
299,387,313,0.19292013,0.078072,3,40-70,N,N, , , ,{05791AF1-21F5-40F5-91EC-3E7B81486732},780.720717205,129.271436070442
300,388,314,0.13535799,0.05477744,3,40-70,N,N, , , ,{1680CD89-AF8C-4E1E-A028-DDFD705D8E93},547.7743294,195.795825378622
301,389,315,0.32184871,0.13024755,3,40-70,N,N, , , ,{22F42CEE-69F4-44F3-9A71-2EC8BC802AD1},1302.47544453,187.34373256508
302,390,316,0.18376866,0.07436854,3,40-70,N,N, , , ,{FB40546E-6A2F-4E96-9F10-DE82B08204E0},743.684837015,150.798443819495
303,391,317,1.05156748,0.42555426,3,40-70,N,N, , , ,{4A0002B4-29C5-4E52-8BE3-0ED9387935EC},4255.542690725,402.18694278735
304,385,311,0.46882906,0.18972839,3,40-70,N,N, , , ,{A89C80CF-E8A8-4EFE-A544-AB1D841F6047},1897.28503981,420.347018351766
305,358,287,0.45977147,0.18606291,4,70-100,Y,Y,HN28, ,Zostera marina,{69349F6D-A535-4660-89F2-A510B33B3720},1860.628599645,339.668369743357
306,359,288,0.09040901,0.03658723,4,70-100,N,N, , , ,{B491B837-6635-4CBA-BFB7-99CB54F7D1F1},365.87194743,89.3456823632574
307,360,289,0.16825631,0.06809091,4,70-100,N,N, , , ,{2856252C-C0A4-440E-BD2A-B85BFD10B1D7},680.910547045,159.64790352695
308,361,290,0.83248144,0.33689328,3,40-70,N,N, , , ,{8BCC07F1-8F4D-4799-9A9C-70FDC64BBEEE},3368.93374646,413.344620758511
309,362,291,0.71476953,0.28925697,3,40-70,N,N, , , ,{1E64BE1C-68BC-4676-9766-C4C0A9335978},2892.570237515,607.187351171093
310,368,295,0.40934092,0.16565439,4,70-100,N,N, , , ,{8011FDF6-E239-4B86-99F7-1C3D4A2931A4},1656.54099046,276.917740754076
311,366,294,0.42021824,0.17005629,3,40-70,N,N, , , ,{E0EC662F-AF42-47D0-B0CB-F9AFA587CAE6},1700.56514157,358.946297791159
312,364,293,1.30493949,0.52809027,3,40-70,Y,Y,HN29, ,Zostera marina,{3A5953C0-A968-42FA-8C6F-9929F20F352A},5280.90196477,826.464470252892
313,363,292,0.13001098,0.05261358,3,40-70,N,N, , , ,{935F71F1-BB08-4F1B-AF7F-77DD33BF723D},526.1353452,123.916688833674
314,370,297,1.13741874,0.46029703,1,0-10,Y,Y,HN49, ,Zostera marina,{6F13B882-CF28-4F1C-B314-62A0C3127BB0},4602.970274835,364.845903993898
315,392,318,0.37129413,0.1502574,2,10-40,N,N, , , ,{5A21ADE3-A4DF-40D4-BDA0-05B9B400BB41},1502.574683385,272.735299981986
316,393,319,0.53699508,0.2173142,2,10-40,N,N, , , ,{A880C769-29D9-4F18-8109-0553C674FF13},2173.14119968,256.264026541582
317,463,381,0.21405257,0.086624,2,10-40,N,N, , , ,{B638A581-6109-45E5-8D2D-BA463C18A91F},866.240706665,164.621302918874
318,464,382,1.30889304,0.52969022,2,10-40,N,N, , , ,{DFCFF32F-FA7C-49A5-A581-7EDE97536CB1},5296.89995478,433.167241830186
319,384,310,0.45637815,0.18468968,3,40-70,N,N, , , ,{E6FEEF50-4AF2-4FC0-81AB-36857B9A4D45},1846.897678145,332.561738393989
320,394,320,0.94195153,0.38119426,4,70-100,N,N, , , ,{E0F48399-C55B-4999-B81E-CC7225CC413E},3811.94256303,610.390670124282
321,396,322,0.78283772,0.31680319,3,40-70,N,N, , , ,{59DCE86C-FA67-4148-A2F7-074AF3A0C288},3168.03128956,357.452266821453
322,397,323,0.61001513,0.24686437,3,40-70,N,N, , , ,{42503C9F-046C-4B73-8440-04D5ED694C01},2468.640704495,318.318176758035
323,398,324,1.13364536,0.45877,4,70-100,N,N, ,Grass evident in 2013 imagery, ,{D9B83DF6-3B28-4255-B1A1-C91C664EEBD4},4587.70098726,620.386874914879
324,402,327,0.18777057,0.07598806,3,40-70,N,N, , , ,{3C9745B3-41DF-49FD-A099-E5456BC1CD05},759.880698085,164.297105010205
325,404,329,0.12853949,0.05201809,3,40-70,N,N, ,Grass evident in 2013 imagery, ,{0656BEEC-FB90-4846-9980-C40308364CE6},520.18094162,135.081712082197
326,403,328,0.1988527,0.08047283,3,40-70,N,N, , , ,{C4C00783-AD47-434F-B295-5FD1A01F07CA},804.728772525,222.61933564729
327,411,335,4.07726374,1.6500101,3,40-70,N,N, , , ,{DF5774BA-EFA1-4889-A915-B71DA31E9D90},16500.103005105,925.019583777013
328,410,334,0.21767882,0.08809149,3,40-70,N,N, , , ,{243AC111-2724-4FA3-91B9-25CB33D963A5},880.914189385,127.371963046358
329,405,329,7.63697041,3.09057227,3,40-70,Y,Y,M30, ,Zostera marina,{7332FE21-627A-424E-9A43-9CFAD8F44E8F},30905.722963925,2126.55574335469
330,406,330,2.6287152,1.0638033,1,0-10,N,N, , , ,{0D04AA89-6155-4BDF-AA45-E1CBD677896E},10638.03298847,520.272887400774
331,407,331,1.37178818,0.55514298,2,10-40,N,N, , , ,{0DA7893C-539B-4F78-8B08-203386D2D88F},5551.42929954,292.565934911421
332,408,332,1.24811161,0.50509285,4,70-100,N,N, , , ,{605EBB8F-0C79-4BA6-998F-BF40BAD7B80C},5050.92784128,371.37885969809
333,409,333,0.22055117,0.08925389,4,70-100,N,N, , , ,{1A252CD7-A0C9-4AE4-AC73-04CC65A4093D},892.539898845,238.785716331675
334,357,286,1.42438023,0.57642623,4,70-100,Y,Y,HN36, ,Zostera marina,{6B3CCD81-56A7-4027-82FA-38CF7105896C},5764.258147385,432.127961314246
335,353,283,0.46266756,0.18723492,4,70-100,N,N, ,Field verified in 2018 based on tracklog, ,{616BF9D2-4ABC-4E48-9750-682CBD166DBE},1872.35265071,309.910366851006
336,354,284,1.13310884,0.45855288,4,70-100,Y,Y,HN37, ,Zostera marina,{4D8D152D-1BA9-4095-95A0-493E139C00EE},4585.527817235,313.415377579554
337,356,285,0.17516467,0.07088663,4,70-100,N,N, , , ,{C53D3BB8-3168-49E8-8FE9-3A58874E7554},708.866493115,173.608223160618
338,163,122,1.34878187,0.54583266,2,10-40,N,N, , , ,{AFBF3C34-6D82-495D-A4DE-3FF5F1F1D455},5458.325929765,667.066403052507
339,162,121,7.21247701,2.91878589,2,10-40,N,N,HN38, , ,{3A1BE3D2-921C-4164-8BB4-CAE38B3F8357},29187.860531225,1066.96704261163
340,157,116,1.23230766,0.49869722,3,40-70,N,N, , , ,{8E314442-BC9B-4047-884B-828C68A5DCBE},4986.9766074,727.587040637902
341,158,117,0.06457833,0.02613392,3,40-70,N,N, , , ,{5AF6A3E5-0EE1-48F4-A681-673E9E474849},261.338355135,70.0479110179271
342,159,118,0.09413208,0.0380939,2,10-40,N,N, , , ,{7992D43F-B4C4-4238-BD3A-3172CC5B0574},380.93919334,118.824995616886
343,160,119,1.39607152,0.5649701,3,40-70,N,N, , , ,{82639460-5003-4067-8997-9DA5452CCAE1},5649.69754673,332.393924915606
344,161,120,2.69420595,1.09030646,2,10-40,N,N, , , ,{088BBE1F-62CF-40FE-99B6-981ADCE2A6D2},10903.063729115,492.161063121004
345,155,115,2.64486779,1.07034002,2,10-40,N,N, , , ,{2329C129-4A59-4EDC-9A5F-8E77EDB09591},10703.396964175,821.476684226496
346,151,111,2.26338181,0.91595812,4,70-100,N,N, , , ,{22DD93EE-9E1C-4D6D-9EAC-0E3C1111F34B},9159.578481665,667.76467045624
347,150,110,0.65434452,0.26480383,3,40-70,N,N, , , ,{46B80948-4138-4564-9D4D-33F10B5A5D6E},2648.03852723,429.247380486118
348,147,107,1.79710787,0.72726375,2,10-40,Y,Y,M03, ,Zostera marina,{2547559F-2C58-4BFE-AAF8-56DFF7CA326C},7272.640369715,613.75226659446
349,149,109,0.47988934,0.19420432,3,40-70,N,N, , , ,{60FB5ABD-DBEA-469C-B67E-D0A5BE182D91},1942.0426848,359.878838978643
350,146,106,0.40446195,0.16367994,3,40-70,N,N, , , ,{DFE0DFFD-A081-4F47-B7DA-5C21F57D57F9},1636.80004961,208.075246437794
351,144,104,0.78788636,0.3188463,2,10-40,Y,Y,HN45, ,Zostera marina,{4F5390A6-8E69-4088-889E-5CABE2BF93B7},3188.463437805,282.499538860488
352,142,102,51.6668562,20.90883488,1,0-10,Y,Y,M25, ,Zostera marina,{47E3750A-B810-4CFB-9CEC-218ED3EF552E},209088.337278785,2368.35839900898
353,139,101,6.67085265,2.69959829,3,40-70,N,N, , , ,{5930770C-8B77-4954-9146-7FAF2535B62A},26995.98421517,1257.06837124058
354,137,100,17.05004159,6.89990703,2,10-40,N,N, , , ,{102F7EBC-AEF3-4171-A1C0-B580D4DAA184},68999.07633747,3099.67277777468
355,245,186,0.32812485,0.13278741,2,10-40,N,N, , , ,{6AB74721-3E49-47E1-AC39-F87DEA42243A},1327.874158815,239.923313167373
356,246,187,8.57851044,3.47160001,2,10-40,Y,Y,L37, ,Zostera marina,{343F22FC-90F9-4618-8213-6E577A7CB42D},34715.9974097,1237.69186791479
357,247,188,0.85637395,0.34656224,2,10-40,N,N, , , ,{549750DB-AE84-45E5-BA55-CBFE8E4EA1D6},3465.62050288,250.558605561076
358,248,189,0.31933949,0.1292321,2,10-40,N,N, , , ,{B6C5C4B1-FABE-4E40-A673-56C083A77562},1292.320538005,252.404454184897
359,249,190,0.11669692,0.04722557,2,10-40,N,N, , , ,{331C6D67-BF34-46D6-80FB-B1C17564DFC8},472.25649712,118.72086877739
360,250,191,1.44591538,0.5851412,2,10-40,N,N, ,Field verified in 2018 based on tracklog, ,{A9E9C50D-DCEE-46E5-9ACF-1FAAC39C0595},5851.413384985,392.62650517333
361,254,195,1.68142511,0.6804486,3,40-70,Y,Y,L34, ,Zostera marina,{542E3C64-DB5E-4015-A6CD-10CDEF959EF3},6804.483481815,524.097868969912
362,255,196,0.69435051,0.28099368,2,10-40,Y,Y,L33, ,Zostera marina,{C164B15D-7ECF-4E5A-872F-12A1609DC9A5},2809.93528433,224.55588276621
363,256,197,4.31896955,1.74782497,2,10-40,Y,Y,L32, ,Zostera marina,{A5F6A653-6BE3-4E99-BD74-4BF9FC92CDAB},17478.245616815,812.836859385467
364,257,198,3.49259982,1.413405,4,70-100,Y,Y,L42, ,Zostera marina,{F8BD85B9-88BE-4F49-910B-D486CD85A307},14134.043441805,1003.35227889811
365,259,199,0.0699882,0.02832322,4,70-100,N,N, , , ,{33388B86-8B6E-407E-975F-D754F0B86B3E},283.232096365,84.7767324246916
366,260,200,0.08459925,0.0342361,4,70-100,N,N, , , ,{AC5194A3-FA76-4983-A7A1-496750776422},342.360879025,133.123738607362
367,261,201,0.46833784,0.1895296,1,0-10,N,N, , , ,{936ED7F7-7BED-4976-A805-2FE75B8B5EB1},1895.296509775,211.901367584987
368,263,203,1.73357788,0.70155408,2,10-40,N,N, , , ,{226959D6-538F-48A2-A06A-FDB49F950F06},7015.53962782,483.984335477963
369,265,205,4.13457734,1.67320409,4,70-100,Y,Y,K40, ,Zostera marina,{59E46A5B-BDA6-4274-B1A9-BE8128E151FE},16732.044576835,1259.24768067119
370,266,206,0.50445744,0.20414668,2,10-40,Y,Y,K39, ,Zostera marina,{4508ACC2-3CDB-4404-8D7C-333D6A0661F4},2041.465453285,257.640103845858
371,268,208,0.79789023,0.32289472,3,40-70,Y,Y,K37, ,Zostera marina,{A80DF479-4DED-4F24-88CF-FAFFD06F9BC3},3228.947122915,330.119827477338
372,269,209,0.08413732,0.03404916,2,10-40,N,N, , , ,{9F09345D-4B55-4724-9905-989BC0D2EAB0},340.4925668,130.319876919803
373,270,210,0.04580632,0.01853716,2,10-40,Y,Y,NM33, ,Zostera marina,{EAB66061-B063-4FB2-8126-A9A2890CED68},185.37148527,53.1708405841792
374,271,211,0.78968676,0.31957489,3,40-70,Y,Y,NM33, ,Zostera marina,{6AC57D1B-67FA-4D9C-B1B0-7CF8086A3988},3195.74797874,368.869886029916
375,329,265,0.25947576,0.10500611,1,0-10,Y,Y,K21,Mid-density clumps spread out,Zostera marina,{357C1FD6-7EC0-4E58-9633-6C73B45924F2},1050.061813955,144.433981435968
376,264,204,0.33523842,0.13566618,3,40-70,Y,Y,K35, ,Zostera marina,{9F8E3520-35E0-4596-8E7B-825B4A85A242},1356.65977467,213.759947377556
377,262,202,0.54800132,0.22176827,3,40-70,Y,Y,K28, ,Zostera marina,{6E6807A1-0249-4A99-8235-86868B134B5A},2217.682564155,226.055078349879
378,168,127,0.3896691,0.15769349,2,10-40,Y,Y,M01, ,Zostera marina,{745D1A15-EC12-4FD2-8903-DC3A22C874E4},1576.933741425,285.687456083432
379,164,123,0.2372967,0.09603057,2,10-40,N,N, , , ,{E38E3505-BC3E-4D5B-8D4A-ECE678CF4433},960.305085615,191.394322005274
380,167,126,0.05018499,0.02030914,2,10-40,Y,Y,M02, ,Zostera marina,{A522F2CA-262E-4FE6-9156-0E9BCF577795},203.091222315,65.2197361841068
381,166,125,0.04889184,0.01978583,2,10-40,Y,Y,M02, ,Zostera marina,{1CB5CC61-6DBD-448B-BE84-BBF7C9D351DA},197.857490995,101.770992873692
382,165,124,0.29122125,0.11785306,2,10-40,N,N, , , ,{2D413589-A01C-4D74-B7E4-F064B532F2F3},1178.530670945,258.651859593811
383,170,128,16.89142955,6.83571902,3,40-70,N,N, ,Field verified in 2018 based on tracklog, ,{231FF171-8EB8-4AE1-8EED-0EE77B0CE047},68357.17574055,1170.63592036057
384,173,129,7.81164532,3.1612607,2,10-40,N,N, , , ,{4A6090A8-1B47-482B-BBD6-D51343994FA7},31612.605976265,1463.6027060547
385,272,212,4.59236593,1.85846456,3,40-70,Y,Y,"K46, K47", ,Zostera marina,{35298BA1-0FDF-4243-BD73-8B317896D22D},18584.64427309,850.1126149254
386,276,213,8.0247025,3.24748188,4,70-100,Y,Y,NM14, ,Zostera marina,{2C41B629-0D77-41D2-A00B-5A00C62CBE25},32474.82013805,990.507184232821
387,277,214,0.08036027,0.03252065,3,40-70,Y,Y,"K44, NM15", ,Zostera marina,{0A7257EA-D574-4A07-A97F-9022531B024A},325.20698839,81.9688736383084
388,278,215,0.34660682,0.1402668,3,40-70,Y,Y,K36, ,Zostera marina,{BF0E9D7F-72DA-485A-9D96-7B6209C799D8},1402.666344545,258.444871600853
389,279,216,0.66770135,0.27020915,3,40-70,Y,Y,K33, ,Zostera marina,{CC1DC079-BE5A-41DA-9AAB-58EEECE1DCC8},2702.09555649,517.891487810205
390,280,217,0.12778202,0.05171155,2,10-40,N,N, , , ,{93295CC6-831C-4533-B775-F605806A9CEB},517.115343035,107.048249203206
391,281,218,0.50501157,0.20437093,2,10-40,N,N, , , ,{2DB158AC-8F04-4958-88A3-B15BD96FEEFF},2043.71261787,549.596176495415
392,283,220,0.03421682,0.01384705,2,10-40,Y,Y,NM25, ,Zostera marina,{ACDBE854-2449-4ACD-8BE8-2EE289493B2D},138.47122341,62.9312208065779
393,285,222,0.32764928,0.13259496,2,10-40,Y,Y,NM28, ,Zostera marina,{17C2F6E0-E081-4436-9B9C-6C169C7CB8E6},1325.950749825,195.597058989234
394,286,223,0.39305045,0.15906187,2,10-40,N,N, , , ,{F1F25360-6126-454C-A0CB-D15851D0A9DE},1590.623510445,277.674982220828
395,293,230,0.94947459,0.38423873,2,10-40,N,N, , , ,{A028563D-AB7C-47D8-B774-49CE3CDDED65},3842.384310445,464.94415275791
396,287,224,0.19268259,0.07797588,2,10-40,Y,Y,K14, ,Zostera marina,{C0865EF7-EA53-4DAC-88E4-D33EA0027C85},779.758542545,186.266981778643
397,288,225,0.2537498,0.1026889,2,10-40,Y,Y,NM29, ,Zostera marina,{6557F07F-C834-4655-8A48-49FF6D89B4FF},1026.887585975,128.163998071997
398,297,233,0.09460612,0.03828574,3,40-70,Y,Y,NM31, ,Zostera marina,{0C8BFB9A-53FA-4F2F-ABDE-53852287D87A},382.85747989,117.735821516493
399,294,231,0.63923291,0.25868838,4,70-100,Y,Y,NM32, ,Zostera marina,{1F228CFC-334C-49C1-B433-07E12944084F},2586.883876645,201.302353576219
400,296,232,0.03710532,0.01501599,2,10-40,N,N, , , ,{3DECB09E-7EEB-487E-B1B1-1BF71A6F947C},150.15975969,52.1098786043791
401,622,503,30.62663243,12.39415841,2,10-40,N,N, ,Species assumed based on samples collected from shoreline,"Zostera marina, Ruppia maritima",{5F04505E-F810-42B0-8C9A-D4F5FABBD95C},123941.58123092,2332.15836788654
402,623,504,1.15032444,0.46551979,2,10-40,Y,N, ,"Photos only, from shoreline; species assumed based on samples collected","Zostera marina, Ruppia maritima",{77A01EEF-DD57-43D0-AD96-3DF6C8D84DC8},4655.19847586,443.409792321026
403,624,505,0.55912055,0.22626806,2,10-40,N,N, ,Species assumed based on samples collected from shoreline,"Zostera marina, Ruppia maritima",{390803B6-23D8-4114-BB2E-414841D63E16},2262.68088784,235.477544916575
404,298,234,0.1304848,0.05280533,3,40-70,N,N, ,Field verified in 2018 based on tracklog, ,{F51216C4-2F02-405F-8417-25AFCA3EAEE1},528.05358752,146.202974843531
405,289,226,0.02429404,0.00983145,3,40-70,Y,Y,K11, ,Zostera marina,{A0A74CAE-496C-483F-8978-1B4E4EA6A50D},98.314167805,58.2814595992879
406,291,228,0.02728099,0.01104023,4,70-100,Y,Y,K12, ,Zostera marina,{12240208-EAC4-4E9A-9A43-47F4FAFC9003},110.402001675,43.5699207760175
407,290,227,0.0267746,0.0108353,4,70-100,Y,Y,K12, ,Zostera marina,{50CE9FB8-84B5-4E30-8003-D8F9A8103C6C},108.353854525,54.8641869812795
408,292,229,0.12859096,0.05203891,3,40-70,Y,Y,K13, ,Zostera marina,{4502498F-CFF8-4985-A6EF-157589D44AD5},520.389635815,226.601694555368
409,299,235,0.19891468,0.08049792,2,10-40,Y,Y,K16, ,Zostera marina,{3A123EAB-3BFF-498B-8906-DF85F8D7ACBF},804.97966024,124.840150609138
410,300,236,0.04667972,0.01889061,2,10-40,Y,Y,K17, ,Zostera marina,{A84F3279-3916-403F-91F4-E1314023DA61},188.90697595,66.5164097313949
411,301,237,0.14546428,0.05886731,1,0-10,Y,Y,J42, ,Zostera marina,{1FBD0E98-3EF7-419D-BBF1-FF68FD4BB93B},588.672547095,121.144694298223
412,302,238,0.23410542,0.0947391,2,10-40,Y,Y,J41, ,Zostera marina,{8567104A-E5C8-4881-830A-57D235BD9DBE},947.393222065,284.897711730482
413,303,239,1.72336262,0.69742011,2,10-40,N,N, , , ,{B2040C7E-D277-457C-9C3E-AF9D10D8FD5F},6974.198208385,344.584593556695
414,304,240,0.3706613,0.15000131,2,10-40,N,N, , , ,{D17DD2FA-5AAB-4474-8FE0-56CA6023BF96},1500.012171515,150.839754818514
415,305,241,0.17218807,0.06968204,2,10-40,Y,Y,J30, ,Zostera marina,{3FAC8B42-CB66-459C-8BD8-D1AC9E4F07EF},696.81998756,109.949793905059
416,306,242,0.43783713,0.1771864,2,10-40,Y,Y,"J28, J29", ,Zostera marina,{CBDC381B-C670-44D3-8D67-3BBC985C1BC5},1771.864842685,366.190947346371
417,309,245,0.10054971,0.04069103,1,0-10,Y,Y,J27, ,Zostera marina,{241DB01E-7246-4CDA-B341-08E1E31A2CD7},406.909476555,107.567272658795
418,308,244,0.85543876,0.34618379,2,10-40,N,N, , , ,{C8556FB5-99C0-4E69-B357-32E0F12FEDAF},3461.837901915,453.749228149597
419,307,243,0.35560618,0.14390872,2,10-40,N,N, , , ,{D854CC8C-7CE6-4FCD-BD6B-9228BD659F04},1439.085127295,218.448604439571
420,310,246,0.44210526,0.17891365,3,40-70,Y,Y,J21, ,Zostera marina,{51454280-EB7D-4841-9923-E58FCA41B162},1789.13528688,324.565474822124
421,311,247,0.76180587,0.3082919,4,70-100,Y,Y,J20, ,Zostera marina,{5CA0473D-72A9-4FDE-973B-EE1E9F9F36FB},3082.919998205,389.069141072926
422,312,248,0.17979864,0.07276193,4,70-100,N,N, , , ,{E68EA0CF-45F8-4F07-9AA4-9951E60AF747},727.620202075,166.199494606334
423,313,249,0.2309709,0.09347061,2,10-40,Y,Y,J17, ,Zostera marina,{742EA8AF-D24F-42D4-AAB4-EDF5EB861384},934.704916865,132.565506906447
424,314,250,0.10911016,0.04415532,3,40-70,Y,Y,J18, ,Zostera marina,{9826EA3F-06E9-4D82-AF4F-56AA1A09FAFD},441.553387755,98.760362717971
425,315,251,0.01786484,0.00722965,3,40-70,Y,Y,J24, ,Zostera marina,{09399FAF-2376-4482-85B8-0CFBBB638596},72.296882665,36.6586222807723
426,316,252,0.64131502,0.25953098,2,10-40,N,N,"J14, J15", , ,{F666AD3A-46A6-4DA4-8A26-15A052552AAF},2595.310990135,353.061966528102
427,317,253,0.01249384,0.00505608,1,0-10,Y,Y,J10, ,Zostera marina,{BD7B24A1-B502-4890-9EE8-D73E02A15D28},50.560700495,35.8365147730368
428,318,254,0.19825832,0.0802323,2,10-40,Y,Y,J09, ,Zostera marina,{409D60BD-4CD0-47B4-AB97-76F9DF4C2717},802.323906705,204.605089899266
429,319,255,0.31792999,0.1286617,1,0-10,N,N, ,Field verified in 2018 based on tracklog, ,{64FDA1C2-13D0-42F1-ADE2-F296184B7F56},1286.617360005,139.446863002808
430,320,256,0.32145587,0.13008858,2,10-40,N,N, , , ,{4B72921B-9337-4409-A1A6-96E1A681A6B8},1300.885295245,166.56200583527
431,321,257,1.71623142,0.69453421,4,70-100,Y,Y,NM05, ,Zostera marina,{ABF9AE30-B0B0-4BA8-942E-34363B4DADDD},6945.34844204,638.342960974898
432,322,258,0.02040636,0.00825816,3,40-70,Y,Y,NM04, ,Zostera marina,{CED1AF6A-47DF-47E6-B9DA-2396F98584D7},82.58155971,36.605818839884
433,328,264,0.06456672,0.02612922,2,10-40,N,N, , , ,{BDBCDA81-FBD0-451E-97B1-81815EDD4332},261.291720435,92.9557089347588
434,327,263,1.02304582,0.41401196,2,10-40,Y,Y,NM01, ,Zostera marina,{FC798DD9-2B6F-4924-B4A5-FB58EA1AE157},4140.119944555,331.770134080692
435,326,262,0.80861302,0.32723408,2,10-40,N,N, , , ,{3415DE79-412E-4CB2-BB52-580C81525E12},3272.33998962,395.555438422037
436,325,261,0.52639674,0.2130252,3,40-70,N,N, , , ,{1BBA2AD8-46BC-470E-9B8F-F9A918AD331A},2130.24945035,248.185289779206
437,324,260,2.45576341,0.99381219,3,40-70,N,N, , , ,{F559E1DA-9EDC-4711-AE67-9523C96DA029},9938.12145211,489.364595483194
438,323,259,0.39267914,0.15891161,2,10-40,Y,Y,J25, ,Zostera marina,{99CF711F-802E-4512-ADAC-57B373F15ECA},1589.1152495,215.628392179493
439,143,103,2.98836356,1.20934782,3,40-70,Y,Y,HN44, ,Zostera marina,{4FBDC7C3-5CBB-4C80-83A4-106F32FE4DC9},12093.474687495,902.734235510297
440,122,85,0.24869541,0.10064346,2,10-40,Y,Y,N33, ,Zostera marina,{3388905D-5B73-474C-A266-760C6CD45D34},1006.433991135,158.118486435031
441,401,326,0.42937764,0.17376297,2,10-40,Y,Y,M31, ,Zostera marina,{8949FB26-9211-4E86-A0EA-0B306265EA2C},1737.630166975,198.097655384642
442,123,86,0.83749619,0.33892268,2,10-40,Y,Y,FA23, ,Zostera marina,{D8E5E872-D7BE-4D61-A2EA-D8D2136360B6},3389.22629316,534.777123488455
443,120,83,1.48028828,0.59905141,2,10-40,N,N, , , ,{74826CEE-6EBE-40B2-9A53-9D900824F9D0},5990.514836865,458.779041603049
444,251,192,1.1079751,0.44838161,2,10-40,N,N, , , ,{341CDA46-2604-40EA-9E12-737C5455877E},4483.81668695,828.228496900197
445,79,50,0.20311094,0.08219608,4,70-100,N,N, , , ,{A5260818-BB41-48B9-82F6-4B2DEC478513},821.96048043,183.691819863532
446,580,471,0.80125451,0.3242562,3,40-70,Y,Y,SP18, ,Zostera marina,{145576E2-D014-4DFC-B4F5-0A2EC8706B6F},3242.561386305,325.815022908693
447,581,472,0.40187545,0.16263323,4,70-100,Y,Y,SP17, ,Zostera marina,{799CD4A2-33B4-44FC-9CB2-09019841C792},1626.332470145,151.152420682112
448,3,01,0.01360529,0.00550587,4,70-100,Y,Y,A03, ,Zostera marina,{5E4CBA13-2998-427C-8295-B102A9144B9C},55.058666385,31.7975285672632
449,2,01,0.01589173,0.00643116,4,70-100,Y,Y,A03, ,Zostera marina,{8CE48EEE-8D72-454C-9C58-1150A3E12E4B},64.31167186,49.6555496484152
450,5,02,0.03970313,0.01606729,2,10-40,Y,Y,A04, ,Zostera marina,{02BE681A-D555-40BB-B6D6-E815667E14F5},160.67242465,63.2436261853636
451,7,04,0.03957689,0.0160162,2,10-40,Y,Y,A06, ,Zostera marina,{87CD8547-AF74-4A53-9503-28E78E51AD94},160.161776635,64.9858317630961
452,12,08,0.06261016,0.02533743,2,10-40,Y,Y,A10, ,Zostera marina,{13390853-0B7B-45FB-99C9-CAF3629024FB},253.374291885,85.8931277485194
453,16,11,1.66108766,0.67221833,3,40-70,Y,Y,"A14, A15, A16, A17, SP07, SP08", ,Zostera marina,{A28C273E-7C54-41F7-8904-D2FF9B92C837},6722.176592165,1216.34436654302
454,17,11,2.10737493,0.85282438,3,40-70,Y,Y,"A14, A15, A16, A17, SP07, SP08", ,Zostera marina,{FCC1EBC3-513E-4EC6-85AC-489DFE62EF32},8528.245280495,1178.08874083147
455,18,11,0.1359086,0.05500026,2,10-40,Y,Y,"A14, A15, A16, A17, SP07, SP08", ,Zostera marina,{7A21F235-4DA2-4A8D-A7B9-896B27EBEC69},550.00342551,199.627860784784
456,19,11,3.09472791,1.25239195,2,10-40,Y,Y,"A14, A15, A16, A17, SP07, SP08", ,Zostera marina,{52EDBE96-0429-4957-823B-81FC0BCF02D7},12523.91833731,1590.46861286992
457,23,13,0.34313658,0.13886245,2,10-40,Y,Y,"A18, A19, SP06", ,Zostera marina,{5160F451-26A0-4E5A-9FBE-A0349E15569B},1388.624215755,162.700061964701
458,24,13,1.19495518,0.4835812,3,40-70,Y,Y,"A18, A19, SP06", ,Zostera marina,{3B925D56-F533-4F78-80B5-9195A0A009FD},4835.81066944,824.167206070419
459,25,13,0.7957448,0.3220265,3,40-70,Y,Y,"A18, A19, SP06", ,Zostera marina,{1D181261-F7F4-4881-B21E-704821939D6F},3220.266173605,366.491760551739
460,30,17,0.01876216,0.00759278,3,40-70,Y,Y,SP02, ,Zostera marina,{CE076BF0-DD6F-43C3-9CE5-524F188B8B9B},75.92884743,34.412458374342
461,34,20,0.07765748,0.03142687,2,10-40,Y,Y,A23, ,Zostera marina,{C1555207-78C0-4696-A3C8-C48C7CE0CD23},314.26911045,113.292418014325
462,35,20,1.42969145,0.5785756,3,40-70,Y,Y,A23, ,Zostera marina,{8BB5B157-3D4F-40DC-9AD5-9A67757897A7},5785.75788643,478.149422073388
463,36,20,2.14764668,0.86912178,3,40-70,Y,Y,A23, ,Zostera marina,{BA8224D1-70FB-4D2E-864B-E91404ABCA7B},8691.214016845,415.615371672403
464,39,23,0.03813675,0.01543339,4,70-100,N,N, , , ,{54BF48FF-838A-4DEF-9624-24336768C4FA},154.33359319,45.35391928465
465,40,24,0.10308312,0.04171626,3,40-70,N,N, , , ,{5365B034-B966-481B-A463-02F8981BEB09},417.16343665,118.141209728457
466,41,24,0.04411514,0.01785276,4,70-100,N,N, , , ,{95EA8B33-BCD9-4250-9033-86D3A8735322},178.52700287,68.4907449007602
467,46,28,0.07359285,0.02978197,1,0-10,Y,Y,"A27, A29, FA40", ,Zostera marina,{DA7C7F41-BFA1-477D-8C0B-5229B5D82909},297.820473515,89.697634930113
468,47,28,5.93171975,2.40048182,1,0-10,Y,Y,"A27, A29, FA40", ,Zostera marina,{EBB863DC-1C09-4982-B292-FC092D7E7DB9},24004.83069619,1249.24777988044
469,48,28,1.15590433,0.46777789,3,40-70,Y,Y,"A27, A29, FA40", ,Zostera marina,{7D06581D-075C-48C9-A404-7DCB2FF58C81},4677.774274105,420.216907286458
470,49,28,6.2655391,2.53557372,2,10-40,Y,Y,"A27, A29, FA40", ,Zostera marina,{926E637F-0746-4127-9994-C0D9C3E1A908},25355.736676565,1380.91232289715
471,50,28,42.54574545,17.21765232,3,40-70,Y,Y,"A27, A29, FA40", ,Zostera marina,{4060A545-693D-412B-B289-6404FE055CBB},172176.514820315,1944.21988962106
472,51,29,0.34951768,0.14144479,3,40-70,N,N,FA40,Dense clumps spread out, ,{49693B09-0EAF-4105-962C-4347E34778B9},1414.44676366,358.019610299255
473,54,31,9.58413206,3.87856064,2,10-40,Y,Y,"A31, A32, A33, FA19", ,Zostera marina,{29C96235-DD1C-4FF0-B59B-76D6BCA5BDA5},38785.60807307,1855.97051402687
474,55,31,18.87181118,7.63715103,1,0-10,Y,Y,"A31, A32, A33, FA19", ,Zostera marina,{009B1131-77B0-431D-B437-A3B4B96EA08A},76371.51034543,1769.78676078661
475,56,31,9.42007528,3.81216922,3,40-70,Y,Y,"A31, A32, A33, FA19", ,Zostera marina,{127D38B4-03AA-4AB5-B407-43DF64858A1E},38121.690625,1191.77282205739
476,57,31,5.99394742,2.42566446,2,10-40,Y,Y,"A31, A32, A33, FA19", ,Zostera marina,{6CF36E39-923F-4264-8204-FE46DF917271},24256.642178695,2095.69826747356
477,63,36,24.91176383,10.08143314,3,40-70,Y,Y,"C20, C21, FA02", ,Zostera marina,{B1178860-0ECE-497C-8973-88145913CCD3},100814.334827515,4207.30094334554
478,65,37,12.5846328,5.09282021,2,10-40,Y,Y,"C22, C23, FA16", ,Zostera marina,{C5A8AA21-ED37-4734-A208-1B8A8388BD50},50928.20508875,1343.32484333274
479,66,37,1.33912029,0.54192275,1,0-10,Y,Y,"C22, C23, FA16", ,Zostera marina,{EE4A9646-995B-4AB0-A832-6C81CB9DAE74},5419.22518263,624.885882053992
480,68,39,0.39009569,0.15786612,1,0-10,N,N, , , ,{12B3DB19-DA0C-462F-B4DE-BAF2FF05621B},1578.66237372,149.778697830194
481,69,40,0.07740914,0.03132637,2,10-40,N,N, , , ,{E227EF0D-1D37-40D5-B5F6-C8092D6A1B31},313.26441735,67.2061262294933
482,76,47,0.32193862,0.13028394,3,40-70,N,N, , , ,{0DB75D77-A03F-4C30-9A36-D44C6A58DD45},1302.839703325,308.365088575335
483,82,51,1.85234501,0.74961743,2,10-40,Y,Y,C30, ,Zostera marina,{3076121D-279E-4BB7-B690-E6B45845DF8C},7496.17435539,609.900840392346
484,81,51,8.62115061,3.48885587,4,70-100,Y,Y,C30, ,Zostera marina,{D9882646-A2DF-40F9-802D-49F631ADDA0E},34888.565328955,899.940705299052
485,97,65,6.07083609,2.4567802,4,70-100,Y,Y,"FA13, FA14", ,Zostera marina,{B4869533-32AA-4CDA-95C7-F8003768E38C},24567.796439,1104.14430525325
486,98,65,2.55812169,1.03523512,2,10-40,Y,Y,"FA13, FA14", ,Zostera marina,{398F6F67-FB86-41E1-AA45-542AE7E0D2EB},10352.354647295,717.141084028752
487,104,69,0.27055597,0.10949012,2,10-40,N,N, , , ,{99A3B577-3F2A-4A4F-BFD9-010148721C4A},1094.90018975,201.91431550906
488,105,69,0.24219228,0.09801174,2,10-40,N,N, , , ,{671420EE-AD6F-4E11-8B35-D1DB025389ED},980.11621183,180.025684995143
489,110,73,0.03482681,0.01409391,2,10-40,N,N, , , ,{026A3737-DDA2-44A2-B741-6B3187A538C3},140.938756345,61.2996016836166
490,108,72,0.05594305,0.02263935,2,10-40,N,N, , , ,{87EBFAD2-9232-400C-8076-49C5C2BC350B},226.39340196,90.1543193288869
491,116,79,1.77570122,0.71860079,1,0-10,Y,Y,"FA28, N03", ,Zostera marina,{E605696A-1967-4DB8-BD0E-9EC6B0DADDA3},7186.00735968,387.995194615592
492,124,87,0.39220308,0.15871896,1,0-10,N,N, , , ,{E2444129-ED31-42C8-BBF0-0BEDBD5201EE},1587.18784812,267.153750697357
493,127,90,2.9380192,1.18897419,2,10-40,N,N, , , ,{A0CE1781-4351-4589-8A23-DA7838F0FC46},11889.740632275,733.59031738496
494,129,92,0.11337425,0.04588093,1,0-10,Y,Y,M17, ,Zostera marina,{B4AB7C22-A2E1-43F2-BA64-5FB8FAD032EF},458.80949009,83.7631316857269
495,130,93,0.03149821,0.01274687,1,0-10,N,N, , , ,{56B4520A-E3F0-4E9C-A27E-9984CFB54D25},127.46898221,56.4661807466402
496,131,94,0.16624748,0.06727797,1,0-10,N,N, , , ,{A43811C5-B33D-4A01-8B3F-3EC8C0124C5E},672.78030071,113.069479179549
497,134,97,0.24118404,0.09760372,2,10-40,N,N, , , ,{71A4AF20-A6E8-47E6-A017-60F55310EEAE},976.037012805,128.342222235483
498,135,98,0.01019553,0.00412599,2,10-40,N,N, , , ,{B00EF988-4E8E-42BB-8DBE-5A3215C7BD63},41.26025446,25.8202310299192
499,136,99,1.49758293,0.60605031,2,10-40,N,N, , , ,{17403409-0556-4BDF-A708-32DAE077CFF0},6060.50205867,315.042829176412
500,138,100,10.69848871,4.32952477,4,70-100,N,N, , , ,{E392A43C-7C17-4BB2-9A2A-DADB5C87846C},43295.252317425,1130.78378623477
501,140,101,3.56239105,1.44164851,1,0-10,N,N, , , ,{602BDD33-E7C2-44AD-BA47-BAFB6BC2255E},14416.486839095,678.877591822165
502,141,101,4.22577176,1.71010916,2,10-40,N,N, , , ,{82CADB7A-A6D9-4403-A261-ACC0768F208E},17101.094310645,1033.7496546745
503,145,105,0.08140242,0.03294239,4,70-100,Y,Y,M05, ,Zostera marina,{DFC92F13-E127-476B-A712-6A87E304B1AA},329.42336793,113.234188286813
504,148,108,0.03189062,0.01290567,3,40-70,Y,Y,HN39, ,Zostera marina,{8F67569A-C21E-424C-9AD0-672E7480C6A6},129.056866865,108.100971102788
505,153,113,10.60864994,4.29316831,2,10-40,N,N, , , ,{4267CF52-2BF1-4CA5-87DF-475EE3E668F5},42931.68624491,1048.10310472641
506,152,112,0.67867241,0.27464898,2,10-40,N,N, , , ,{DFFBCDBA-561E-4067-8A38-C60490B27994},2746.4874844,377.28556470582
507,154,114,0.30629725,0.1239541,2,10-40,N,N, , , ,{928BBBAE-3203-4874-B4AB-A1B6AF86B3B8},1239.542905875,181.36336900932
508,156,115,0.34510638,0.1396596,3,40-70,N,N, , , ,{7E8D3AC0-7CCF-433C-A530-D0E1C5B005DC},1396.59645881,267.706366127015
509,169,127,0.1385961,0.05608785,3,40-70,Y,Y,M01, ,Zostera marina,{837FE9C9-DAF9-4DA8-B54D-D13A2F2D81B3},560.87944794,118.941376342249
510,171,128,13.42425186,5.43260198,1,0-10,N,N, ,Field verified in 2018 based on tracklog, ,{CF0F7C50-A504-470B-AF6D-FAE7443CAF16},54326.01752546,2100.39075317124
511,172,128,16.16832252,6.54308798,2,10-40,N,N, ,Field verified in 2018 based on tracklog, ,{A7AC0866-EF58-480E-91C0-8123BB101992},65430.907827495,3151.59053692837
512,174,129,4.15876108,1.6829909,1,0-10,N,N, , , ,{16DC9B25-3F09-4108-8800-A204E2702F04},16829.90876419,936.085840144191
513,175,129,4.1515516,1.68007332,4,70-100,N,N, , , ,{3D1ACD81-2DFC-419B-B88F-A1780188A84E},16800.73864597,605.727532566775
514,176,130,0.75681253,0.30627116,1,0-10,N,N, , , ,{CDC6BA24-AAD8-44ED-8EA7-69A3298D566D},3062.709617095,434.043893449937
515,177,131,2.12477259,0.85986496,1,0-10,N,N, , , ,{D3D7A90E-142B-4D85-A77C-F6839FFF979C},8598.64953464,454.958481416686
516,181,133,1.59424229,0.64516696,1,0-10,Y,Y,M34, ,Zostera marina,{DE379063-906A-46E5-935A-340C0C01B607},6451.6709243,477.495206243877
517,180,133,5.12880387,2.07555329,3,40-70,Y,Y,M34, ,Zostera marina,{22BE4684-5468-4645-9A1F-EDBDC8F363D6},20755.5298157,1140.29134049692
518,182,133,2.99503685,1.21204841,2,10-40,Y,Y,M34, ,Zostera marina,{928FD461-CCE7-4199-8339-E88FCDDD2A9C},12120.481939265,889.263838385715
519,185,133,1.28910894,0.52168388,4,70-100,Y,Y,M34, ,Zostera marina,{83130F8A-41B9-4B27-800B-C8FBB980AB38},5216.838203365,363.02037520463
520,183,133,1.23924231,0.50150357,3,40-70,Y,Y,M34, ,Zostera marina,{AD98AC84-BF32-4351-89D1-9623B2F8E112},5015.035894765,359.647571390638
521,189,134,4.29833924,1.73947618,4,70-100,N,N, , , ,{299B3DB6-788B-4845-A8E6-A01CCCEEF174},17394.759397085,749.508508720941
522,188,134,2.24529099,0.90863703,2,10-40,N,N, , , ,{BBD596D4-8914-4BE0-A5CF-FBC6B7090BAC},9086.372530995,620.778272923044
523,187,134,0.84033012,0.34006953,2,10-40,N,N, , , ,{DA4A26B3-52EF-4F92-A82C-63E5A7DA50E0},3400.694342185,293.665403576557
524,194,138,11.72089289,4.74327707,2,10-40,Y,Y,M33, ,Zostera marina,{D66FB0F3-E397-4C2E-B4D6-FFA5EEE99386},47432.77171274,2175.99590521288
525,198,142,0.23122883,0.09357499,1,0-10,N,N, , , ,{91AF18CB-4232-451A-8FD8-1C50705CD4E8},935.75051526,170.610172003161
526,200,144,0.07845447,0.0317494,2,10-40,N,N, , , ,{E2375820-6744-4EFD-A0B1-AF3D2EF840CE},317.494483485,121.72322881661
527,201,145,0.20177417,0.08165511,2,10-40,N,N, , , ,{5D387D42-FCBC-4347-8315-2DF95D1E2317},816.552030405,234.622118010162
528,202,146,0.10980883,0.04443806,2,10-40,N,N, , , ,{9ED4CAD1-7242-4F77-87EF-90B92D0A5548},444.38082451,184.650636386605
529,204,147,0.23551928,0.09531127,2,10-40,Y,Y,L26, ,Zostera marina,{3817BA15-09D3-41E4-B3D7-D2CE8279254B},953.113246495,216.895633651583
530,212,154,0.07077395,0.0286412,2,10-40,N,N,L13, , ,{A9F27D72-7450-42B7-B0C3-5F58E2D6979B},286.411633885,98.8371205760225
531,214,156,0.04756078,0.01924716,2,10-40,N,N, , , ,{C065F168-9307-4388-B966-FD308ABF45F3},192.47223093,143.879251433632
532,222,164,0.11616971,0.04701221,2,10-40,Y,Y,L20,Dense clumps spread out,Zostera marina,{3A6FF67A-1141-4C0B-A112-63FEB391C438},470.122433125,165.570149758053
533,233,174,0.70220625,0.28417279,2,10-40,N,N, , , ,{5BBA2BBB-5DF6-49DD-89D6-EDBACEEA6EE1},2841.727479885,250.848822535292
534,244,185,0.18556246,0.07509446,3,40-70,N,N, , , ,{417962A0-C2FF-4C35-B729-8D5E10D5B5E0},750.944833585,185.288290192044
535,253,194,0.2001687,0.0810054,3,40-70,N,N, , , ,{50E93C43-080F-4EFF-AD1A-687585B0FB7C},810.05367982,212.372486609732
536,252,193,0.62830617,0.25426648,3,40-70,N,N, ,Field verified in 2018 based on tracklog, ,{C1271215-56D8-46FE-AA5B-FFBD530B8DAC},2542.660874955,292.199419859607
537,258,198,1.13729738,0.46024792,1,0-10,Y,Y,L42, ,Zostera marina,{768A1E3E-5997-4C02-BBB2-CF36BD24C056},4602.485281725,381.43699906041
538,267,207,0.28832253,0.11667999,4,70-100,Y,Y,K20, ,Zostera marina,{2C7CDFA8-6D2C-4B75-A0C3-370A051970C3},1166.799462875,139.083122821093
539,275,213,0.48375529,0.19576882,2,10-40,Y,Y,NM14, ,Zostera marina,{FD8FAAF9-988F-4291-A143-9BD0A632B029},1957.68696092,339.329298350969
540,273,213,1.48200505,0.59974617,3,40-70,Y,Y,NM14, ,Zostera marina,{E6ED9A30-6A58-475E-B84A-8C01EB201094},5997.45891742,374.951659023822
541,274,213,0.27946161,0.1130941,2,10-40,Y,Y,NM14, ,Zostera marina,{E3E02CB6-BDE6-4B9C-93ED-BB9B7D97F33F},1130.941592075,179.842375039776
542,282,219,0.23141855,0.09365176,2,10-40,N,N, , , ,{7E823825-67EE-44A5-96AE-E13ADC8686A0},936.518575595,133.926042998074
543,243,184,0.17127661,0.06931318,2,10-40,N,N, , , ,{94AF99A1-D629-43BE-BC19-A497DBBFEEE1},693.13216325,122.838518337004
544,295,231,0.28728295,0.11625929,1,0-10,Y,Y,NM32, ,Zostera marina,{0BFCB18A-B29E-4E8C-9961-74A4A3434464},1162.592956685,204.888967491248
545,331,266,0.40736565,0.16485503,2,10-40,N,N, , , ,{97D9972D-A2C4-4983-BE39-982A70070668},1648.550858265,192.347440566471
546,337,272,2.44962299,0.99132725,3,40-70,N,N, , , ,{43B46718-A85D-4644-8C29-005B11B6217F},9913.272280805,461.523196975865
547,342,276,0.69891636,0.28284142,2,10-40,N,N, , , ,{708BA57A-AD46-4CD7-A63D-6E855A42F4BB},2828.41266415,262.001033362671
548,344,277,1.45269491,0.58788477,2,10-40,N,N, , , ,{FE45A076-A2B3-4601-8CA1-22C2851CB114},5878.848682525,433.7822713477
549,345,277,3.28806281,1.33063181,3,40-70,N,N, , , ,{FF0B2317-F07D-434F-B09E-FAE29E7FE0B8},13306.323423535,642.423369963894
550,348,279,35.248907,14.26472657,4,70-100,N,N, , , ,{DE2F642D-F312-46D6-B59B-551CDB0121ED},142647.278109335,3206.35348195933
551,349,279,5.41415184,2.19102951,2,10-40,N,N, , , ,{25E25B27-C8D9-44CB-A996-C8730067E9E1},21910.284028725,818.804503870874
552,355,284,0.95419446,0.3861488,3,40-70,Y,Y,HN37, ,Zostera marina,{EE0DBD31-BD3D-4830-B339-0CE7D15A1D63},3861.4909384,601.54769666235
553,367,294,0.34240241,0.13856534,2,10-40,N,N, , , ,{5295CB0F-8DD9-4F1F-BE82-91E5A94DA058},1385.65024551,359.543735778313
554,365,294,0.40228187,0.16279769,2,10-40,N,N, , , ,{798196C8-772D-4D76-AB82-DFE860CB07C9},1627.97440433,300.361729366257
555,371,297,0.80761787,0.32683136,3,40-70,Y,Y,HN49, ,Zostera marina,{5152BF5F-56D1-42D3-A80E-F6A7C1E52488},3268.31443018,378.411143087389
556,376,302,0.16566678,0.06704297,3,40-70,N,N, , , ,{EDC17319-CCD0-4D1A-80AC-A6A6F98D12F6},670.429783095,111.689943496121
557,378,304,0.43939959,0.1778187,2,10-40,Y,Y,FA24, ,Zostera marina,{F74F0E97-9AF9-448B-97E7-A82EC7D037DE},1778.187179615,178.260361535043
558,379,305,0.2075731,0.08400185,4,70-100,N,N, , , ,{6A051200-7171-4D7A-A611-0C05A05B8CB8},840.01751979,152.270065984532
559,383,309,0.57441123,0.23245598,2,10-40,N,N, , , ,{588C079F-38FE-48CB-8AF5-1428CD353EA5},2324.561318365,445.333225216026
560,395,321,0.02103966,0.00851445,4,70-100,N,N, , , ,{87AF2587-F648-4FEB-9AB6-AD06AA023083},85.144120845,35.5042475449231
561,399,324,0.85047708,0.34417586,2,10-40,N,N, ,Grass evident in 2013 imagery, ,{9DFF643E-1072-4AFE-8EFA-8FCFDE1FE4A9},3441.75637884,387.444233083906
562,400,325,0.25138748,0.1017329,4,70-100,N,N, ,Grass evident in 2013 imagery, ,{D70A5642-5A44-49C1-82D5-D105B52CB50A},1017.330408545,124.27510251984
563,418,341,0.68509493,0.27724808,2,10-40,Y,Y,CL13, ,Zostera marina,{84FB372A-CD8B-4485-9DC7-93ABBD91B160},2772.47743494,294.223165445068
564,420,343,1.69754482,0.68697201,4,70-100,Y,Y,CL14, ,Zostera marina,{325A2CE6-BD3A-47CB-8A55-FF85B552B19A},6869.71943468,392.366274256721
565,437,360,2.60803952,1.05543615,4,70-100,Y,Y,CL26, ,Zostera marina,{622ED1B7-7B67-4E05-9EDE-1BC91528DA3E},10554.36000472,670.934336397995
566,438,361,0.87645151,0.35468734,2,10-40,Y,Y,CL26, ,Zostera marina,{52058144-4ADE-4045-9075-5449F22F8DF8},3546.87141362,251.820709854571
567,442,364,11.31378712,4.57852721,2,10-40,Y,Y,"X04, X05", ,Zostera marina,{967E860D-7258-454F-B40B-C4D97437D051},45785.27494717,1727.92004987829
568,443,364,14.7828297,5.98239893,2,10-40,Y,Y,"X04, X05", ,Zostera marina,{3A51593E-3B07-4D65-9D87-65C5CB81E640},59823.99327966,1886.22997627899
569,444,364,2.74081671,1.10916917,3,40-70,Y,Y,"X04, X05", ,Zostera marina,{57EBBD84-F193-456A-9382-AAD4C5929CEA},11091.690034795,891.082619021387
570,460,378,1.33752727,0.54127808,4,70-100,Y,Y,E30, ,Zostera marina,{CFF74FCD-18FC-4D82-9125-5A1E55CD589D},5412.781697825,533.790136278198
571,454,373,0.82460746,0.3337068,2,10-40,Y,Y,E27, ,Zostera marina,{39A1E6C2-EA82-4527-8902-DAB7AE08C8E0},3337.068725915,297.564564511863
572,465,383,0.07164444,0.02899348,2,10-40,Y,Y,E17, ,Zostera marina,{36AC4602-D858-4A07-A318-BF84867B6BB6},289.93438592,82.0672777001419
573,467,384,5.30895435,2.1484576,1,0-10,Y,Y,E16, ,Zostera marina,{96C77EC2-4DD5-423D-8843-C4F47B391B15},21484.578776805,1164.41754555633
574,475,391,4.03211837,1.63174041,4,70-100,Y,Y,E20, ,Zostera marina,{B7970EEE-E8B5-4414-9088-724EFC2C3957},16317.40572371,858.236886513215
575,477,392,12.65840404,5.12267437,2,10-40,Y,Y,"E22, E24, FA15", ,Zostera marina,{5CCF520C-5BFF-487F-A241-471B9DC3DE08},51226.73380817,2063.13536373253
576,478,392,12.49035823,5.05466864,4,70-100,Y,Y,"E22, E24, FA15", ,Zostera marina,{07853E8D-A6B4-4023-A0BE-A955F95FB3BA},50546.693162105,1164.3800908202
577,481,392,7.79659785,3.15517121,2,10-40,Y,Y,"E22, E24, FA15", ,Zostera marina,{FF4EAD7D-163D-48DD-A3D5-E3436528507E},31551.715069895,2297.89084959201
578,480,392,7.0269688,2.84371338,2,10-40,Y,Y,"E22, E24, FA15", ,Zostera marina,{2303D89E-9243-4DB5-8E0A-75FA4258DC30},28437.14103727,1639.01061166187
579,479,392,13.90185006,5.62587912,4,70-100,Y,Y,"E22, E24, FA15", ,Zostera marina,{70711255-38E6-4B59-987B-4975A71083C9},56258.78986896,2631.69265267634
580,483,393,9.55634125,3.8673141,1,0-10,Y,Y,"E02, E03", ,Zostera marina,{789C77BF-230D-4ABF-AEFD-D698CC637CF1},38673.13488399,1041.52356386321
581,484,393,5.00911849,2.02711833,1,0-10,Y,Y,"E02, E03", ,Zostera marina,{E6095509-A5E9-4046-A171-AD61E866F93F},20271.18556572,1238.02324985822
582,490,398,2.47049539,0.99977401,1,0-10,Y,Y,"E09, E10", ,Zostera marina,{DBB8A25B-E1CF-4559-A569-9FC5203F500C},9997.73593577,850.432192400621
583,503,410,0.38161818,0.1544354,1,0-10,N,N, , , ,{7C797103-EE53-4062-8F7B-114FB5351CF4},1544.354369325,245.12771501968
584,502,410,0.99682101,0.40339915,2,10-40,N,N, , , ,{4EED0DE7-69A7-493C-B3B6-F420F5963EFE},4033.99248363,492.549420956562
585,504,411,0.25572775,0.10348935,2,10-40,N,N, , , ,{33344D8F-D12C-48CC-9293-52CB982A4527},1034.89211076,250.486630786504
586,507,413,0.5512031,0.22306398,3,40-70,N,N, , , ,{3A3FBB15-00EB-40C2-976F-ABFA55064302},2230.638623645,362.430813409333
587,506,412,0.03981712,0.01611342,2,10-40,Y,Y,C10, ,Zostera marina,{C86D286B-2834-42E7-A0E5-92D7742633F7},161.134386245,55.5706186852153
588,505,412,0.20609402,0.08340329,1,0-10,Y,Y,C10, ,Zostera marina,{1D1E8C91-419A-40FC-A128-E60D0D38481E},834.032837235,219.467225444795
589,508,414,1.88097124,0.76120206,4,70-100,Y,Y,"C17, FA09", ,Zostera marina,{E09A3A44-9794-42F2-8507-845F967FAB11},7612.01881271,450.761376612559
590,510,414,4.11887636,1.66685013,3,40-70,Y,Y,"C17, FA09", ,Zostera marina,{0C2A3B19-2F1C-4D96-B531-49982E2B8AF4},16668.50683406,684.986067486957
591,511,414,0.76784992,0.31073784,3,40-70,Y,Y,"C17, FA09", ,Zostera marina,{6C117358-1289-434E-B4FB-2D78A4192866},3107.37874341,422.767602133912
592,515,418,0.0696562,0.02818886,3,40-70,N,N, , , ,{61AD7EA6-F4AC-44A3-AAA8-1FE799E03002},281.88959673,71.4051885341213
593,518,421,5.01278259,2.02860114,2,10-40,Y,Y,C01, ,Zostera marina,{11D4E14B-1B82-4495-AE1F-2CDA718C7388},20286.012085125,1451.99443159963
594,524,426,0.14822992,0.05998652,2,10-40,N,N, , , ,{BADAFF61-2F50-4C52-8D56-A54C9F5CCC11},599.86477139,132.563614322391
595,527,428,0.13108216,0.05304707,1,0-10,Y,Y,"B38, SP47", ,Zostera marina,{8636C33C-0D10-4871-ACE4-005F036B2949},530.471464455,127.898514008276
596,537,438,2.95163163,1.19448294,1,0-10,N,Y,B27, , ,{D25B0192-112E-4E4F-85BD-432AA76A155B},11944.82667288,638.778748421216
597,546,446,0.92919144,0.37603044,2,10-40,Y,Y,B37, ,Zostera marina,{50BD5F65-62CA-4B41-92E6-AEA11DE813A9},3760.30337654,337.79158536025
598,551,450,5.92348735,2.39715028,3,40-70,N,N, ,Field verified in 2018 based on tracklog, ,{06BDCACD-A337-4468-9C3A-1F71BC52B8DE},23971.505500495,829.977175211474
599,552,450,3.16241133,1.27978246,1,0-10,N,N, ,Field verified in 2018 based on tracklog, ,{B4E264C9-00CD-430F-9090-3678D28DBC86},12797.825002225,558.584583105974
600,553,451,0.96124956,0.3890039,1,0-10,N,N, , , ,{D7E642CB-E400-4DDD-9ADC-3D8F009B1A01},3890.03520839,497.671695918272
601,555,452,0.26788365,0.10840867,1,0-10,Y,Y,"B23, SP40", ,Zostera marina,{ACDAE1FF-75ED-4A5A-A238-0A6D155DA57A},1084.084902955,133.749912756138
602,557,453,0.34038597,0.13774931,2,10-40,Y,Y,SP34, ,Zostera marina,{E1FF792D-4247-4E3A-8987-B5A2FCB448F9},1377.49150593,350.937602447973
603,567,462,0.33946901,0.13737823,2,10-40,Y,Y,"B05, B06, B07", ,Zostera marina,{91B452FC-39F7-484D-8DAD-D9389B2B5B3F},1373.782903985,232.274148050225
604,571,466,11.22499534,4.54259445,1,0-10,Y,Y,"B20, B21, SP27", ,Zostera marina,{D4CE9B7B-04E2-4C68-8D8B-B2718AAE98DE},45425.94780387,3121.61603887202
605,572,466,19.14903374,7.74933902,2,10-40,Y,Y,"B20, B21, SP27", ,Zostera marina,{003749A4-989E-4A46-9F39-70A454FC65A0},77493.38976664,1840.95800894397
606,577,470,5.03848237,2.03900147,1,0-10,Y,Y,"B14, B15, B16, SP19", ,Zostera marina,{2A2884BD-812F-4D7D-98AF-FD5710DA1267},20390.00854965,837.865798085155
607,576,470,9.98327585,4.0400884,2,10-40,Y,Y,"B14, B15, B16, SP19", ,Zostera marina,{AB0A0B27-582C-47B8-9D9F-F641CFA8A7A5},40400.883478535,1967.01368721367
608,578,470,3.4163768,1.38255864,2,10-40,Y,Y,"B14, B15, B16, SP19", ,Zostera marina,{3619348C-7C0F-49C5-8523-35F66469F13B},13825.584252885,1172.96910987677
609,585,475,3.45139261,1.39672904,3,40-70,Y,Y,"B03, B04, SP12", ,Zostera marina,{8AF83D5B-70B0-4CF2-A7DC-E10FC2E582A7},13967.29324091,598.654668837218
610,590,479,6.95634451,2.81513274,1,0-10,Y,Y,"D13, D14", ,Zostera marina,{10A2BA0A-DC9A-4611-99EB-2A34E72F6562},28151.33352696,1194.88132603973
611,591,479,0.95344719,0.38584639,3,40-70,Y,Y,"D13, D14", ,Zostera marina,{C2D3B8A7-F395-418F-9B37-F6E0C76703F4},3858.46525679,304.019551632767
612,594,481,1.66331289,0.67311884,2,10-40,N,N, , , ,{7FD28C9D-AA07-4A80-9945-AA9068D1600E},6731.187319115,514.795115281098
613,595,481,2.8627175,1.15850067,2,10-40,N,N, , , ,{7DC52C6C-0E15-4EFB-9C6F-503E81244E78},11585.0041569,881.054715694454
614,599,484,1.00174997,0.40539383,1,0-10,Y,Y,"D03, D04", ,Zostera marina,{76D20E14-8A5F-4EC8-B4A8-0F6DE022665B},4053.942219835,538.499373791626
615,600,484,4.1016007,1.65985891,4,70-100,Y,Y,"D03, D04", ,Zostera marina,{47B20186-1D59-45F9-AE13-B05D8F574832},16598.60018081,1136.97655668049
616,606,489,3.08529732,1.24857553,4,70-100,Y,Y,"D32, D33", ,Zostera marina,{0C5655F3-F0E2-416E-AD9A-1971D8A9B01B},12485.75080036,950.445667237743
617,611,493,0.3226459,0.13057016,4,70-100,Y,Y,D29, ,Zostera marina,{0814BE3E-24C0-4B20-B938-87E357A47B60},1305.700720915,256.44455907929
618,619,500,4.14574995,1.67772548,4,70-100,Y,Y,"D17, D18", ,Zostera marina,{83A3F1DB-D57C-4847-AD51-1E572639D20D},16777.254893575,667.843322541827
619,621,502,1.0550653,0.42696978,3,40-70,Y,Y,D28, ,Zostera marina,{0504BA6D-79FE-4217-8BC5-82772FC13620},4269.697063555,404.045304061868
620,284,221,0.20715841,0.08383403,2,10-40,N,N, , , ,{4657B23C-38E7-45F0-8B9F-10E05192B797},838.34091488,288.535934720083
621,369,296,0.63442805,0.25674392,2,10-40,N,N, , , ,{5515B6CC-4A3B-46CC-9808-C92B75CA2FF4},2567.438599715,530.322196761862
622,382,308,0.1072211,0.04339084,2,10-40,N,N, , , ,{38C9C48B-3F61-4031-9BFE-A9DCD09D3139},433.90862049,80.70085726144
