<?xml version="1.0" encoding="UTF-8"?><metadata>
    <idinfo>
        <citation>
            <citeinfo>
                <origin/>
                <pubdate>20190306</pubdate>
                <title>Bathym100</title>
                <onlink>https://gis.maine.gov/arcgis/rest/services/mgs/MGS_General_Data/MapServer/0</onlink>
            </citeinfo>
        </citation>
        <descript>
            <abstract>BATHYM100 contains bathymetry lines for the Gulf of Maine at a scale of 1:100,000 showing depth in 10 meter intervals. This dataset was developed by the Maine Geological Survey using USGS 30 X 60 minute series topographic-bathymetric maps.  Bathymetric contours are coded with depth in feet (10 meter interval mean lower low water datum) Spatial topology varies from good to poor.</abstract>
            <purpose>BATHYM100 contains bathymetry lines for the Gulf of Maine at a scale of 1:100,000 showing depth in 10 meter intervals.</purpose>
        </descript>
        <status>
            <progress>Complete</progress>
            <update>None planned</update>
        </status>
        <spdom>
            <bounding>
                <westbc>-71.309</westbc>
                <eastbc>-63.267</eastbc>
                <northbc>45.8587</northbc>
                <southbc>41.5243</southbc>
            </bounding>
        </spdom>
        <keywords>
            <theme>
                <themekt>ISO 19115 Topic Categories</themekt>
                <themekey>elevation</themekey>
            </theme>
            <place>
                <placekt>None</placekt>
                <placekey>Maine</placekey>
                <placekey>Gulf of Maine</placekey>
            </place>
        </keywords>
        <accconst>None</accconst>
        <useconst>Public use.  User assumes risk.Not intended for navigational purposes. Data at this scale is suitable for planning at studies at the regional level. Not intended for use in navigation. Not recommended for use at scales greater than 1:100,000</useconst>
        <ptcontac>
            <cntinfo>
                <cntorgp>
                    <cntorg>Maine GeoLibrary</cntorg>
                </cntorgp>
                <cntpos>GIS Coordinator</cntpos>
                <cntaddr>
                    <addrtype>mailing and physical</addrtype>
                    <address>51 Commerce Dr, 3rd floor</address>
                    <city>Augusta</city>
                    <state>ME</state>
                    <postal>04333u</postal>
                    <country>US</country>
                </cntaddr>
                <cntvoice>(207) 624-7700</cntvoice>
                <cntemail>GeolibraryBoard.OIT@maine.gov</cntemail>
            </cntinfo>
        </ptcontac>
        <datacred>Maine Geological Survey</datacred>
    </idinfo>
    <metainfo>
        <metd>20190306</metd>
        <metc>
            <cntinfo>
                <!--no contact person or organization name available-->
            </cntinfo>
        </metc>
        <metstdn>FGDC Content Standard for Digital Geospatial Metadata</metstdn>
        <metstdv>FGDC-STD-001-1998</metstdv>
        <mettc>local time</mettc>
    </metainfo>
</metadata>
